-- phpMyAdmin SQL Dump
-- version 5.2.1
-- https://www.phpmyadmin.net/
--
-- 主機： 127.0.0.1
-- 產生時間： 2024 年 03 月 15 日 08:05
-- 伺服器版本： 10.4.28-MariaDB
-- PHP 版本： 8.2.4

SET SQL_MODE = "NO_AUTO_VALUE_ON_ZERO";
START TRANSACTION;
SET time_zone = "+00:00";


/*!40101 SET @OLD_CHARACTER_SET_CLIENT=@@CHARACTER_SET_CLIENT */;
/*!40101 SET @OLD_CHARACTER_SET_RESULTS=@@CHARACTER_SET_RESULTS */;
/*!40101 SET @OLD_COLLATION_CONNECTION=@@COLLATION_CONNECTION */;
/*!40101 SET NAMES utf8mb4 */;

--
-- 資料庫： `not3`
--

-- --------------------------------------------------------

--
-- 資料表結構 `access_token`
--

CREATE TABLE `access_token` (
  `gardener_id` int(20) NOT NULL,
  `access_token` varchar(200) DEFAULT NULL,
  `created_at` datetime DEFAULT NULL,
  `expired_at` datetime DEFAULT NULL,
  `IP_address` varchar(100) DEFAULT NULL,
  `cookie` varchar(100) DEFAULT NULL
) ENGINE=InnoDB DEFAULT CHARSET=utf8mb4 COLLATE=utf8mb4_general_ci;

--
-- 傾印資料表的資料 `access_token`
--

INSERT INTO `access_token` (`gardener_id`, `access_token`, `created_at`, `expired_at`, `IP_address`, `cookie`) VALUES
(1, '3GySBkjId46ZKaRg-xCcfFozJI-V6mWi', '2024-03-14 16:17:23', '2024-03-14 17:17:23', '101.10.46.202', ''),
(53, NULL, NULL, NULL, NULL, ''),
(55, NULL, NULL, NULL, NULL, ''),
(56, '0YYZ8NUchYq3TF_u3kA0Kv8cKHy1mTOf', '2023-11-04 13:27:54', '2023-11-04 14:27:54', '223.137.7.203', NULL),
(63, 'YNrCGCWh9iblNvLq7rnmpMRy4dbrc0hX', '2023-07-20 10:20:09', '2023-07-20 11:20:09', '172.31.171.32', NULL),
(83, 'bI5xDmgSigKRf0mFzKnii5dFTbrq57y4', '2023-08-24 15:12:38', '2023-08-24 16:12:38', '42.72.199.129', NULL),
(84, NULL, NULL, NULL, NULL, NULL),
(86, 'VYaHirV9-KGoCDqkiolMWO1jub4bI-J3', '2023-08-25 11:35:51', '2023-08-25 12:35:51', '49.216.89.48', NULL),
(98, NULL, NULL, NULL, NULL, NULL),
(108, 'xXPdqGMeTqglbSf5XNRhokD4swkVumJa', '2024-03-14 16:00:08', '2024-03-14 17:00:08', '192.168.69.220', NULL),
(111, NULL, NULL, NULL, NULL, NULL),
(113, 'W3Q8pnOzNlgwrCI8EYsIR-YI70zYf3ig', '2023-08-18 12:09:44', '2023-08-18 13:09:44', '172.31.69.53', NULL),
(114, NULL, NULL, NULL, NULL, NULL),
(115, NULL, NULL, NULL, NULL, NULL),
(116, NULL, NULL, NULL, NULL, NULL),
(117, 'EWrgewJoTPofhek_gkYW65BA9kaxl6X1', '2023-08-18 12:11:31', '2023-08-18 13:11:31', '172.31.69.53', NULL),
(118, NULL, NULL, NULL, NULL, NULL),
(119, 'Ic1RK4sS4Y24RP4STYzJayWGAlxoXt8Y', '2023-08-18 15:33:49', '2023-08-18 16:33:49', '172.31.69.53', NULL),
(120, NULL, NULL, NULL, NULL, NULL),
(121, NULL, NULL, NULL, NULL, NULL),
(122, NULL, NULL, NULL, NULL, NULL),
(123, NULL, NULL, NULL, NULL, NULL),
(124, 'aueXjGXamTNqeSFUuaJ5v-lDl0lLnoOY', '2023-08-23 11:47:52', '2023-08-23 12:47:52', '49.216.89.48', NULL),
(125, NULL, NULL, NULL, NULL, NULL),
(126, NULL, NULL, NULL, NULL, NULL),
(127, NULL, NULL, NULL, NULL, NULL),
(128, NULL, NULL, NULL, NULL, NULL),
(129, NULL, NULL, NULL, NULL, NULL),
(130, NULL, NULL, NULL, NULL, NULL),
(131, 'HhdGOxkqclrjQ9WI6T0A-2mNUFHMt9vx', '2023-08-24 10:17:00', '2023-08-24 11:17:00', '172.31.242.62', NULL),
(132, NULL, NULL, NULL, NULL, NULL),
(133, NULL, NULL, NULL, NULL, NULL),
(134, NULL, NULL, NULL, NULL, NULL),
(135, NULL, NULL, NULL, NULL, NULL),
(136, NULL, NULL, NULL, NULL, NULL),
(137, NULL, NULL, NULL, NULL, NULL),
(138, '5-X2LXobbUO-9xRo7fFvmEIZDHfF2nTW', '2023-12-27 19:58:05', '2023-12-27 20:58:05', '60.251.36.41', NULL),
(139, NULL, NULL, NULL, NULL, NULL),
(140, 'a7NJGUl3W4-eRc0pNCIEZqqzkvjDji-W', '2023-08-24 13:42:25', '2023-08-24 14:42:25', '42.72.199.129', NULL),
(160, 'GilU0VSWgmBF1zZc8M4iwT1Gei_SKnCV', '2023-08-24 16:02:24', '2023-08-24 17:02:24', '42.72.199.129', NULL),
(161, 'lFNdPn-__jbyI7o-l1XU2ptrYWrhLxgG', '2024-03-14 15:58:40', '2024-03-14 16:58:40', '192.168.69.220', NULL),
(162, NULL, NULL, NULL, NULL, NULL),
(163, NULL, NULL, NULL, NULL, NULL),
(164, NULL, NULL, NULL, NULL, NULL),
(165, 'qiWoTtdnE20PCzEUNNHcZqY1weGK5vjS', '2023-08-24 16:40:45', '2023-08-24 17:40:45', '42.72.199.129', NULL),
(166, 'tkWAAdgerfwsX5sf6lfeeVqwWWqhh5xP', '2023-08-25 11:34:53', '2023-08-25 12:34:53', '49.216.89.48', NULL),
(167, 'Aj-n6WthlxuagRrHtob1E2f2gJ5zBTBT', '2023-08-25 10:23:14', '2023-08-25 11:23:14', '49.216.89.48', NULL),
(168, 'sehhLHfXlxa9-Tcx-Fh07oGvSVGFpkQw', '2023-08-25 13:26:21', '2023-08-25 14:26:21', NULL, NULL),
(169, NULL, NULL, NULL, NULL, NULL),
(170, '9X5I1VTriLsQ1Gl0iVP-JhBNVaf4b-86', '2023-08-25 13:31:37', '2023-08-25 14:31:37', '42.72.199.129', NULL),
(171, 'qQE1-ivcArP-QTZO-_ebtR9D2nuX4sJy', '2023-08-28 10:55:07', '2023-08-28 11:55:07', '192.168.69.220', NULL),
(172, 'TxaVtovBxJUXr8SQsJMTcVVfXY255mvA', '2023-09-01 23:14:57', '2023-09-02 00:14:57', '42.72.220.167', NULL),
(173, NULL, NULL, NULL, NULL, NULL),
(174, 'nJgutrzgSkK68-43d_5LfsjlyJbaXE3z', '2023-09-07 12:45:33', '2023-09-07 13:45:33', '192.168.69.220', NULL),
(175, 'mfJDM5uB42UZjqyQcZ-2O_guW1IHnsm4', '2023-09-07 13:11:29', '2023-09-07 14:11:29', '192.168.69.220', NULL),
(176, 'Yyjl7c9ZyfTi2t6v7Rh7eR-uaqdfzBG8', '2023-09-07 13:15:17', '2023-09-07 14:15:17', '192.168.69.220', NULL),
(177, 'FvgY-9FLhJiu_MebOwCGBAieGKSVlyRA', '2023-09-07 14:05:58', '2023-09-07 15:05:58', '192.168.69.220', NULL),
(178, 'ZQP2f2Rji8iiWpe4O_mTsDG0F1SBt3Gf', '2023-09-07 13:43:54', '2023-09-07 14:43:54', '192.168.69.220', NULL),
(179, 'oD2St6O0XxzshAWfHhdUS6Ug-5r8uPD0', '2023-09-07 14:06:06', '2023-09-07 15:06:06', '192.168.69.220', NULL),
(180, 'k27HLgCAXnGTFVjvpmezdyeoFvtagSWF', '2023-09-07 14:28:45', '2023-09-07 15:28:45', '192.168.69.220', NULL),
(181, 'cPKOTQoPVmdTMf1u-AozjeHB_hY8uBna', '2023-09-07 16:19:29', '2023-09-07 17:19:29', '192.168.69.220', NULL),
(182, '-5pW0VQHCfETE6QkBUEO3F-sKc3kSJV8', '2023-09-07 16:03:47', '2023-09-07 17:03:47', '192.168.69.220', NULL),
(183, NULL, NULL, NULL, NULL, NULL),
(184, 'uO0AvaEFiBGEC4aTRGaFCkc6GC5GwLe3', '2023-09-07 16:24:15', '2023-09-07 17:24:15', '192.168.69.220', NULL),
(185, 'OPhK7xU9CBj1Bqw0A6CwITbAz6jLDtAz', '2023-09-07 16:26:21', '2023-09-07 17:26:21', '192.168.69.220', NULL),
(186, NULL, NULL, NULL, NULL, NULL),
(187, '8Gc4xuXWYzOJan6DLur2uZMEX2Umqiua', '2023-09-07 16:47:49', '2023-09-07 17:47:49', '192.168.69.220', NULL),
(188, 'd0EXhLvIP37obhhd3kcczGkXePB-zzYw', '2023-09-07 16:52:31', '2023-09-07 17:52:31', '192.168.69.220', NULL),
(189, 'lKZz4dM3IS5KSKVWXHIGfKrHTp9Mg4U_', '2023-09-07 17:00:00', '2023-09-07 18:00:00', '192.168.69.220', NULL),
(190, 'EeWcOetFEcHbKpYh4mqBjtq7fwqnnqlY', '2023-09-07 17:05:12', '2023-09-07 18:05:12', '192.168.69.220', NULL),
(191, NULL, NULL, NULL, NULL, NULL),
(192, 'BUXwhl79LcHikG_zw20qXTbcyD28fC5d', '2023-12-19 12:22:33', '2023-12-19 13:22:33', '49.216.222.10', NULL),
(194, NULL, NULL, NULL, NULL, NULL);

-- --------------------------------------------------------

--
-- 資料表結構 `chat_data`
--

CREATE TABLE `chat_data` (
  `chat_data_id` int(200) NOT NULL,
  `sender_id` int(20) NOT NULL,
  `receiver_id` int(20) NOT NULL,
  `chat_data` varchar(150) NOT NULL,
  `isLink` varchar(5) DEFAULT NULL,
  `send_time` datetime NOT NULL
) ENGINE=InnoDB DEFAULT CHARSET=utf8mb4 COLLATE=utf8mb4_general_ci;

--
-- 傾印資料表的資料 `chat_data`
--

INSERT INTO `chat_data` (`chat_data_id`, `sender_id`, `receiver_id`, `chat_data`, `isLink`, `send_time`) VALUES
(8, 56, 1, '哈囉', NULL, '2023-07-18 16:28:44'),
(9, 56, 1, '哈囉2', NULL, '2023-07-19 09:41:37'),
(10, 56, 1, 'ㄋㄧˇㄏㄠˇ', NULL, '2023-07-19 09:42:00'),
(15, 1, 56, 'KSFDNLKJGEA', NULL, '2023-07-19 11:43:56'),
(19, 56, 1, '有嗎', NULL, '2023-07-24 11:36:06'),
(20, 56, 1, '真的有吧!', NULL, '2023-07-24 11:57:06'),
(21, 56, 1, '真的有吧2', NULL, '2023-07-24 12:05:10'),
(22, 1, 55, 'love U', NULL, '2023-08-02 16:04:09'),
(23, 1, 55, 'love U again!', NULL, '2023-08-02 16:04:29'),
(24, 1, 55, 'love U tooo', NULL, '2023-08-02 16:30:53'),
(46, 56, 1, 'hello', '', '2023-08-11 11:28:49'),
(47, 56, 1, 'vsdmnvlks.abc', '1', '2023-08-11 11:29:26'),
(59, 56, 1, 'vsdmnvlks.abc', '1', '2023-08-11 14:00:28'),
(60, 56, 1, 'vsdmnvlks.abc', '1', '2023-08-11 14:01:10'),
(61, 56, 1, 'helloooo', 'false', '2023-08-11 14:20:58'),
(62, 56, 1, 'vsdmnvlks.abc', 'false', '2023-08-11 14:21:18'),
(63, 56, 1, 'vsdmnvlks.abc', 'false', '2023-08-11 14:23:10'),
(64, 56, 1, 'vsdmnvlks.abc', 'true', '2023-08-11 14:24:05'),
(66, 83, 98, 'aaa', 'false', '2023-08-11 15:50:48'),
(67, 83, 98, 'ttt', 'false', '2023-08-11 15:52:19'),
(68, 98, 83, 'yyy', 'false', '2023-08-11 15:52:20'),
(69, 98, 83, 'ddd', 'false', '2023-08-11 15:52:47'),
(70, 83, 98, 'aaa', 'false', '2023-08-11 15:52:47'),
(71, 83, 98, 'eee', 'false', '2023-08-11 16:03:31'),
(72, 98, 83, 'bbb', 'false', '2023-08-11 16:03:38'),
(73, 98, 1, 'aaa', 'false', '2023-08-14 10:28:58'),
(74, 98, 1, 'vsdmnvlks.abc', 'true', '2023-08-14 10:29:28'),
(75, 98, 55, 'ttt', 'false', '2023-08-14 10:41:27'),
(76, 98, 55, 'vsdmnvlks.abc', 'true', '2023-08-14 10:41:38'),
(77, 98, 55, 'vsdmnvlks.abc', 'true', '2023-08-14 10:50:06'),
(78, 98, 55, 'vsdmnvlks.abc', 'true', '2023-08-14 11:39:56'),
(82, 98, 55, 'NOT3ROOM_5937908356', 'true', '2023-08-15 10:07:49'),
(86, 113, 108, 'NOT3ROOM_5908445004', 'true', '2023-08-15 14:14:43'),
(87, 113, 108, 'Fast', 'false', '2023-08-15 14:42:35'),
(88, 113, 108, 'NOT3ROOM_2891023820', 'true', '2023-08-15 14:43:38'),
(89, 113, 108, 'NOT3ROOM_3870372576', 'true', '2023-08-15 15:29:33'),
(90, 113, 108, 'NOT3ROOM_3337168989', 'true', '2023-08-15 16:24:58'),
(91, 108, 113, 'NOT3ROOM_3361489225', 'true', '2023-08-15 16:41:21'),
(92, 114, 98, 'NOT3ROOM_3337168989', 'true', '2023-08-15 19:28:38'),
(93, 98, 98, 'aaa', 'false', '2023-08-15 19:29:53'),
(94, 98, 98, 'How can i help you?', 'false', '2023-08-15 19:42:14'),
(95, 98, 98, 'yyy', 'false', '2023-08-15 19:53:22'),
(96, 108, 116, 'Haha', 'false', '2023-08-16 09:48:55'),
(97, 108, 116, 'NOT3ROOM_4639627839', 'true', '2023-08-16 09:49:48'),
(98, 56, 1, 'vsdmnvlks.abc', 'true', '2023-08-16 09:55:58'),
(99, 108, 116, 'NOT3ROOM_8336480667', 'true', '2023-08-16 09:57:40'),
(100, 116, 108, 'NOT3ROOM_5471427077', 'true', '2023-08-16 09:58:46'),
(101, 56, 1, '123', 'false', '2023-08-16 10:02:21'),
(102, 56, 1, 'vsdmnvlks.abc', 'true', '2023-08-16 10:03:14'),
(103, 116, 108, 'NOT3ROOM_1555847410', 'true', '2023-08-16 11:11:24'),
(104, 108, 116, 'NOT3ROOM_7173566767', 'true', '2023-08-16 11:51:09'),
(105, 108, 114, 'Gigi', 'false', '2023-08-16 12:34:17'),
(106, 108, 116, 'NOT3ROOM_5712336963', 'true', '2023-08-16 13:24:56'),
(107, 108, 116, 'NOT3ROOM_4724139329', 'true', '2023-08-16 13:29:16'),
(108, 116, 108, 'NOT3ROOM_1331822224', 'true', '2023-08-16 14:06:57'),
(109, 108, 116, 'NOT3ROOM_7923021431', 'true', '2023-08-17 10:44:42'),
(110, 108, 116, 'NOT3ROOM_5421912413', 'true', '2023-08-17 14:20:55'),
(111, 116, 108, 'NOT3ROOM_1442453157', 'true', '2023-08-17 14:36:14'),
(112, 108, 116, 'NOT3ROOM_2931595088', 'true', '2023-08-17 15:54:33'),
(113, 114, 98, 'NOT3ROOM_3337168989', 'true', '2023-08-18 15:47:42'),
(114, 114, 83, 'NOT3ROOM_3337168989', 'true', '2023-08-20 12:43:52'),
(115, 114, 120, 'NOT3ROOM_3337168989', 'true', '2023-08-20 12:58:22'),
(116, 120, 108, 'NOT3ROOM_3337168989', 'true', '2023-08-20 13:05:53'),
(117, 120, 118, 'NOT3ROOM_3337168989', 'true', '2023-08-20 13:10:29'),
(118, 118, 55, 'NOT3ROOM_3337168989', 'true', '2023-08-20 13:23:45'),
(119, 55, 116, 'NOT3ROOM_3337168989', 'true', '2023-08-20 13:27:21'),
(120, 121, 114, 'NOT3ROOM_3337168989', 'true', '2023-08-20 13:39:26'),
(121, 122, 114, 'NOT3ROOM_3337168989', 'true', '2023-08-20 13:47:39'),
(122, 123, 114, 'NOT3ROOM_3337168989', 'true', '2023-08-20 14:08:25'),
(123, 124, 114, 'NOT3ROOM_3337168989', 'true', '2023-08-20 14:10:50'),
(124, 125, 114, 'NOT3ROOM_3337168989', 'true', '2023-08-20 14:12:40'),
(125, 126, 114, 'NOT3ROOM_3337168989', 'true', '2023-08-20 14:26:53'),
(126, 127, 114, 'NOT3ROOM_3337168989', 'true', '2023-08-20 15:33:41'),
(127, 128, 114, 'NOT3ROOM_3337168989', 'true', '2023-08-20 17:45:03'),
(128, 129, 114, 'NOT3ROOM_3337168989', 'true', '2023-08-20 17:54:04'),
(129, 130, 114, 'NOT3ROOM_3337168989', 'true', '2023-08-20 17:55:41'),
(130, 131, 114, 'NOT3ROOM_3337168989', 'true', '2023-08-20 20:06:58'),
(131, 132, 114, 'NOT3ROOM_3337168989', 'true', '2023-08-20 20:11:19'),
(132, 133, 114, 'NOT3ROOM_3337168989', 'true', '2023-08-20 20:14:23'),
(133, 134, 114, 'NOT3ROOM_3337168989', 'true', '2023-08-20 20:20:40'),
(134, 135, 114, 'NOT3ROOM_3337168989', 'true', '2023-08-21 09:52:09'),
(135, 137, 114, 'NOT3ROOM_3337168989', 'true', '2023-08-21 16:17:50'),
(136, 116, 114, 'NOT3ROOM_3131407485', 'true', '2023-08-22 14:45:27'),
(137, 116, 114, 'NOT3ROOM_2593140326', 'true', '2023-08-22 14:46:17'),
(138, 116, 98, 'NOT3ROOM_2593140326', 'true', '2023-08-22 14:56:24'),
(139, 116, 98, 'NOT3ROOM_3131407485', 'true', '2023-08-22 14:56:33'),
(140, 63, 1, 'vsdmnvlks.abc', 'true', '2023-08-22 16:36:09'),
(141, 63, 1, 'vsdmnvlks.abc', 'true', '2023-08-22 16:36:50'),
(142, 114, 83, 'this one is right', 'false', '2023-08-23 10:00:36'),
(143, 114, 83, 'NOT3ROOM_2593140326', 'true', '2023-08-23 10:00:41'),
(144, 140, 139, 'NOT3ROOM_6843716217', 'true', '2023-08-23 13:44:00'),
(145, 140, 139, 'Hi', 'false', '2023-08-23 13:44:12'),
(146, 140, 139, 'Let’s join our party!', 'false', '2023-08-23 13:44:29'),
(147, 83, 114, 'NOT3ROOM_9786953786', 'true', '2023-08-23 18:15:29'),
(148, 98, 114, 'NOT3ROOM_9786953786', 'true', '2023-08-23 18:33:28'),
(149, 83, 114, 'NOT3ROOM_6906009299', 'true', '2023-08-23 19:01:28'),
(150, 83, 114, 'NOT3ROOM_6905071512', 'true', '2023-08-23 19:11:43'),
(151, 114, 83, 'NOT3ROOM_7734075360', 'true', '2023-08-23 19:23:57'),
(152, 114, 83, 'NOT3ROOM_7862722743', 'true', '2023-08-23 19:26:57'),
(153, 114, 83, 'NOT3ROOM_8447002345', 'true', '2023-08-23 19:28:08'),
(154, 83, 114, 'NOT3ROOM_7061499448', 'true', '2023-08-24 10:49:52'),
(155, 139, 114, 'NOT3ROOM_7061499448', 'true', '2023-08-24 10:51:49'),
(156, 139, 114, 'NOT3ROOM_7524821425', 'true', '2023-08-24 13:34:04'),
(157, 140, 114, 'NOT3ROOM_7524821425', 'true', '2023-08-24 13:41:36'),
(158, 98, 114, 'NOT3ROOM_7524821425', 'true', '2023-08-24 13:45:50'),
(159, 83, 114, 'NOT3ROOM_7524821425', 'true', '2023-08-24 14:23:49'),
(160, 164, 114, 'NOT3ROOM_1865870699', 'true', '2023-08-24 16:16:34'),
(161, 166, 108, 'Hi', 'false', '2023-08-24 18:18:19'),
(162, 172, 98, 'Hi~', 'false', '2023-09-01 23:10:50'),
(163, 172, 98, '我們可以聊一下嗎?', 'false', '2023-09-01 23:11:06'),
(164, 98, 172, '好啊~', 'false', '2023-09-01 23:11:47'),
(165, 98, 172, '為什麼你要來找我啊??', 'false', '2023-09-01 23:12:03'),
(166, 172, 98, '因為我想邀請你加入我的會議呢! 可以一塊玩噢~', 'false', '2023-09-01 23:13:50'),
(167, 172, 98, 'Someone sent you a link :NOT3ROOM_5937908356', 'false', '2023-09-01 23:14:13'),
(168, 172, 98, 'NOT3ROOM_5937908356', 'true', '2023-09-01 23:15:53'),
(169, 174, 114, '4566', 'false', '2023-09-07 10:06:07'),
(170, 175, 174, 'NOT3ROOM_5250573910', 'true', '2023-09-07 13:11:45'),
(171, 176, 175, 'NOT3ROOM_5250573910', 'true', '2023-09-07 13:15:41'),
(172, 177, 175, 'NOT3ROOM_5250573910', 'true', '2023-09-07 13:19:39'),
(173, 177, 175, 'NOT3ROOM_2127395193', 'true', '2023-09-07 13:34:01'),
(174, 177, 178, 'NOT3ROOM_7862518997', 'true', '2023-09-07 13:44:40'),
(175, 177, 178, 'NOT3ROOM_7862518997', 'true', '2023-09-07 13:44:47'),
(176, 177, 179, 'NOT3ROOM_4573591631', 'true', '2023-09-07 14:07:34'),
(177, 182, 181, 'NOT3ROOM_9501245860', 'true', '2023-09-07 14:45:30'),
(178, 181, 183, 'NOT3ROOM_8266292340', 'true', '2023-09-07 16:18:10'),
(179, 181, 183, 'NOT3ROOM_5165139821', 'true', '2023-09-07 16:21:52'),
(180, 184, 183, 'NOT3ROOM_5165139821', 'true', '2023-09-07 16:24:39'),
(181, 185, 183, 'NOT3ROOM_5165139821', 'true', '2023-09-07 16:26:42'),
(182, 185, 183, 'NOT3ROOM_5165139821', 'true', '2023-09-07 16:26:44'),
(183, 185, 183, 'NOT3ROOM_5782266847', 'true', '2023-09-07 16:28:12'),
(184, 186, 183, 'NOT3ROOM_5782266847', 'true', '2023-09-07 16:35:12'),
(185, 186, 183, 'NOT3ROOM_9406385713', 'true', '2023-09-07 16:43:22'),
(186, 186, 183, 'NOT3ROOM_9406385713', 'true', '2023-09-07 16:43:32'),
(187, 187, 183, 'NOT3ROOM_1228700550', 'true', '2023-09-07 16:48:03'),
(188, 188, 183, 'NOT3ROOM_1228700550', 'true', '2023-09-07 16:52:48'),
(189, 189, 183, 'NOT3ROOM_1228700550', 'true', '2023-09-07 17:00:18'),
(190, 190, 183, 'NOT3ROOM_1228700550', 'true', '2023-09-07 17:06:10'),
(191, 191, 183, 'NOT3ROOM_1228700550', 'true', '2023-09-07 17:17:49'),
(192, 55, 1, 'vsdmnvlks.abc', 'true', '2023-09-24 17:06:56'),
(193, 55, 1, 'Good morning!', 'false', '2023-09-24 17:09:31'),
(194, 55, 1, 'Good morning!', 'false', '2023-09-24 17:46:43'),
(195, 55, 1, 'Good morning!', 'false', '2023-09-24 17:50:05'),
(196, 114, 192, 'NOT3ROOM_7539773691', 'true', '2023-09-27 15:22:15'),
(197, 192, 114, '日', 'false', '2023-10-01 22:23:54'),
(198, 192, 194, 'Someone sent you a link：NOT3ROOM_5467689745', 'false', '2023-10-01 23:42:17'),
(199, 192, 194, 'Someone sent you a link: NOT3ROOM_5467689745', 'false', '2023-10-01 23:42:50'),
(200, 192, 194, 'NOT3ROOM_5467689745', 'true', '2023-10-01 23:43:27'),
(201, 114, 138, 'NOT3ROOM_1254482969', 'true', '2023-10-13 14:46:25'),
(202, 114, 138, 'NOT3ROOM_7376177602', 'true', '2023-10-13 15:03:32'),
(203, 114, 108, '嘿嘿', 'false', '2023-10-16 13:42:04'),
(204, 114, 138, 'NOT3ROOM_3983027193', 'true', '2023-10-16 13:47:48'),
(205, 161, 138, '哈哈', 'false', '2023-10-17 11:35:34'),
(206, 138, 161, 'Yaya', 'false', '2023-10-17 11:35:43'),
(207, 138, 161, 'NOT3ROOM_7112973846', 'true', '2023-10-17 11:36:26'),
(208, 138, 161, 'NOT3ROOM_7128470050', 'true', '2023-10-17 11:40:14'),
(209, 161, 138, '那', 'false', '2023-10-17 11:42:58'),
(210, 138, 161, 'NOT3ROOM_9775158426', 'true', '2023-10-17 11:43:14'),
(211, 161, 108, 'NOT3ROOM_4056608686', 'true', '2023-10-17 12:30:59'),
(212, 138, 108, 'NOT3ROOM_4056608686', 'true', '2023-10-17 12:31:05'),
(213, 161, 108, '哈囉', 'false', '2023-10-17 15:40:21'),
(214, 114, 138, 'NOT3ROOM_3647039561', 'true', '2023-10-25 20:05:34'),
(215, 114, 138, 'NOT3ROOM_5566838918', 'true', '2023-10-25 21:14:31'),
(216, 114, 138, 'NOT3ROOM_4863075164', 'true', '2023-10-25 21:25:12'),
(217, 192, 140, 'NOT3ROOM_6688382072', 'true', '2023-10-27 10:18:19'),
(218, 192, 1, 'NOT3ROOM_8306583796', 'true', '2023-11-01 13:35:32'),
(219, 138, 1, 'NOT3ROOM_8692979276', 'true', '2023-11-01 15:06:52'),
(220, 56, 1, 'NOT3ROOM_8692979276', 'true', '2023-11-01 15:07:29'),
(221, 138, 1, 'NOT3ROOM_8954477426', 'true', '2023-11-01 15:08:35'),
(222, 56, 1, 'NOT3ROOM_8954477426', 'true', '2023-11-01 15:08:42'),
(223, 192, 138, 'NOT3ROOM_9761757491', 'true', '2023-11-01 21:14:31'),
(224, 192, 138, 'No body cares', 'false', '2023-11-01 21:23:29'),
(225, 1, 56, 'NOT3ROOM_2457227898', 'true', '2023-11-03 09:52:13'),
(226, 192, 138, 'NOT3ROOM_2457227898', 'true', '2023-11-03 09:54:02'),
(227, 192, 161, 'NOT3ROOM_2457227898', 'true', '2023-11-03 09:56:04'),
(228, 108, 138, 'NOT3ROOM_3606905623', 'true', '2023-11-04 05:27:47'),
(229, 108, 192, 'NOT3ROOM_3606905623', 'true', '2023-11-04 05:28:09'),
(230, 55, 138, 'NOT3ROOM_1160276592', 'true', '2023-11-04 09:31:58'),
(231, 55, 192, 'NOT3ROOM_1160276592', 'true', '2023-11-04 09:32:36'),
(232, 55, 192, 'NOT3ROOM_9180239769', 'true', '2023-11-04 09:48:07'),
(233, 55, 138, 'NOT3ROOM_9180239769', 'true', '2023-11-04 09:48:21'),
(234, 55, 138, 'NOT3ROOM_9180239769', 'true', '2023-11-04 09:48:44'),
(235, 192, 56, 'NOT3ROOM_9180239769', 'true', '2023-11-04 13:17:14'),
(236, 56, 1, 'NOT3ROOM_9180239769', 'true', '2023-11-04 13:32:25'),
(237, 55, 138, 'NOT3ROOM_3791286388', 'true', '2023-11-29 12:35:51'),
(238, 55, 192, 'NOT3ROOM_3791286388', 'true', '2023-11-29 12:36:05'),
(239, 192, 138, 'NOT3ROOM_3791286388', 'true', '2023-11-29 12:38:19'),
(240, 55, 1, 'NOT3ROOM_6571491310', 'true', '2023-12-04 16:47:49'),
(241, 55, 192, 'NOT3ROOM_8119997806', 'true', '2023-12-05 08:01:39'),
(242, 192, 138, 'NOT3ROOM_8119997806', 'true', '2023-12-05 08:02:42'),
(243, 192, 1, 'NOT3ROOM_8119997806', 'true', '2023-12-05 08:03:19'),
(244, 192, 56, 'NOT3ROOM_8119997806', 'true', '2023-12-05 08:03:31'),
(245, 138, 192, 'Qqq', 'false', '2023-12-05 11:44:22'),
(246, 138, 114, 'NOT3ROOM_6124656370', 'true', '2023-12-27 20:01:09'),
(247, 108, 114, 'NOT3ROOM_4602582727', 'true', '2023-12-27 20:09:28'),
(248, 108, 161, 'NOT3ROOM_7033774339', 'true', '2024-03-14 16:01:11');

-- --------------------------------------------------------

--
-- 資料表結構 `chat_partner_list`
--

CREATE TABLE `chat_partner_list` (
  `chat_partner_list_id` int(10) NOT NULL,
  `my_id` int(20) NOT NULL,
  `partner_id` int(20) NOT NULL
) ENGINE=InnoDB DEFAULT CHARSET=utf8mb4 COLLATE=utf8mb4_general_ci;

--
-- 傾印資料表的資料 `chat_partner_list`
--

INSERT INTO `chat_partner_list` (`chat_partner_list_id`, `my_id`, `partner_id`) VALUES
(5, 56, 1),
(7, 1, 56),
(9, 1, 55),
(14, 83, 98),
(15, 98, 83),
(16, 98, 1),
(17, 98, 55),
(22, 113, 108),
(23, 108, 113),
(24, 114, 98),
(25, 98, 98),
(26, 108, 116),
(27, 116, 108),
(28, 56, 56),
(29, 115, 115),
(30, 108, 114),
(31, 114, 83),
(32, 114, 120),
(33, 120, 108),
(34, 120, 118),
(35, 118, 55),
(36, 55, 116),
(37, 121, 114),
(38, 122, 114),
(39, 123, 114),
(40, 124, 114),
(41, 125, 114),
(42, 126, 114),
(43, 127, 114),
(44, 128, 114),
(45, 129, 114),
(46, 130, 114),
(47, 131, 114),
(48, 132, 114),
(49, 133, 114),
(50, 134, 114),
(51, 135, 114),
(52, 137, 114),
(53, 116, 114),
(54, 116, 98),
(55, 63, 1),
(57, 140, 139),
(58, 83, 114),
(59, 98, 114),
(60, 139, 114),
(61, 140, 114),
(62, 164, 114),
(63, 166, 108),
(64, 172, 98),
(65, 98, 172),
(66, 172, 172),
(67, 174, 114),
(68, 175, 174),
(69, 176, 175),
(70, 177, 175),
(71, 177, 178),
(72, 177, 179),
(73, 182, 181),
(74, 181, 183),
(75, 184, 183),
(76, 185, 183),
(77, 186, 183),
(78, 187, 183),
(79, 188, 183),
(80, 189, 183),
(81, 190, 183),
(82, 191, 183),
(83, 55, 1),
(89, 114, 192),
(90, 192, 114),
(91, 192, 194),
(92, 114, 138),
(93, 114, 108),
(94, 161, 138),
(95, 138, 161),
(96, 161, 108),
(97, 138, 108),
(98, 192, 140),
(99, 192, 1),
(100, 138, 1),
(101, 192, 138),
(102, 192, 161),
(103, 108, 138),
(104, 108, 192),
(105, 55, 138),
(106, 55, 192),
(107, 192, 56),
(108, 138, 192),
(109, 138, 114),
(110, 108, 161);

-- --------------------------------------------------------

--
-- 資料表結構 `fastboard_create_room`
--

CREATE TABLE `fastboard_create_room` (
  `uuid` varchar(50) NOT NULL COMMENT '房間ID',
  `teamUUID` varchar(50) NOT NULL COMMENT '建立該項目的Agora帳號ID',
  `appUUID` varchar(50) NOT NULL COMMENT '項目ID',
  `isRecord` varchar(5) NOT NULL COMMENT '是否開啟錄音',
  `isBan` varchar(5) NOT NULL,
  `createdAt` datetime NOT NULL,
  `our_limit` int(5) NOT NULL COMMENT '房間可容納人數',
  `roomToken` varchar(500) NOT NULL COMMENT '房間密碼'
) ENGINE=InnoDB DEFAULT CHARSET=utf8mb4 COLLATE=utf8mb4_general_ci;

--
-- 傾印資料表的資料 `fastboard_create_room`
--

INSERT INTO `fastboard_create_room` (`uuid`, `teamUUID`, `appUUID`, `isRecord`, `isBan`, `createdAt`, `our_limit`, `roomToken`) VALUES
('034e174079f211ee928e6554980fdf2f', '2z_FcDpIEe6Kl1cgr87Xbw', 'efXTp3d7xPV6_g', 'false', 'false', '2023-11-03 02:38:04', 0, 'NETLESSROOM_YWs9eTFaN3hOTlNFY2JWR054TSZub25jZT0xNjk4OTc5MDg0NDI5MDAmcm9sZT0xJnNpZz00YjE5YzRjMTgyOGFmMmUwYmVmODNmZTkyNzAxMmUzYWVjMGEzMjFiNWVjOTMzOTQxYzViN2NkNzIzNWYwMjliJnV1aWQ9MDM0ZTE3NDA3OWYyMTFlZTkyOGU2NTU0OTgwZmRmMmY'),
('06bd48f07a9811ee90cba7667d54b7f2', '2z_FcDpIEe6Kl1cgr87Xbw', 'efXTp3d7xPV6_g', 'false', 'false', '2023-11-03 22:26:26', 0, 'NETLESSROOM_YWs9eTFaN3hOTlNFY2JWR054TSZub25jZT0xNjk5MDUwMzg2NzczMDAmcm9sZT0xJnNpZz0xNTJjYmUxZmIxMjc5YmQ0YmE1ZmVjOTU2MmUxNWU2YjNjZTU3ZDhhZDNjNzU1MjQzMTdmYmJlMDczYzZlY2I2JnV1aWQ9MDZiZDQ4ZjA3YTk4MTFlZTkwY2JhNzY2N2Q1NGI3ZjI'),
('07fc5b204d5211ee928e6554980fdf2f', '2z_FcDpIEe6Kl1cgr87Xbw', 'efXTp3d7xPV6_g', 'false', 'false', '2023-09-07 07:42:01', 0, 'NETLESSROOM_YWs9eTFaN3hOTlNFY2JWR054TSZub25jZT0xNjk0MDcyNTIxNTkwMDAmcm9sZT0xJnNpZz0xYzkwYThjNDA4ODYzODZmNGNlOGFmNmU4M2Q2NDQwY2QwYzMxODdjYzg1NDc1ODljZjc0YTlmN2ZiMGVlM2I2JnV1aWQ9MDdmYzViMjA0ZDUyMTFlZTkyOGU2NTU0OTgwZmRmMmY'),
('082ae5408e7911ee8a08fff08ed267a3', '2z_FcDpIEe6Kl1cgr87Xbw', 'efXTp3d7xPV6_g', 'false', 'false', '2023-11-29 05:34:57', 0, 'NETLESSROOM_YWs9eTFaN3hOTlNFY2JWR054TSZub25jZT0xNzAxMjM2MDk4MDg4MDAmcm9sZT0xJnNpZz1lM2QxY2I2ODAyZDY2MGE0YzA3MWYyMjZjNjQzYjA3ZDg5YzVhZGZiYzE1YWYzZjA3NjBjYTFjMjE1NzVjODRiJnV1aWQ9MDgyYWU1NDA4ZTc5MTFlZThhMDhmZmYwOGVkMjY3YTM'),
('093d1db04d4011ee90cba7667d54b7f2', '2z_FcDpIEe6Kl1cgr87Xbw', 'efXTp3d7xPV6_g', 'false', 'false', '2023-09-07 05:33:12', 0, 'NETLESSROOM_YWs9eTFaN3hOTlNFY2JWR054TSZub25jZT0xNjk0MDY0NzkyODQ5MDAmcm9sZT0xJnNpZz03NWE3YjBkNDg3ZmEzNmNlNTM2NDQ5ZmVhYzEzOWZjZjczOWI1OGMyNWRmZGQ4MmU3OWE1ZDA0NzQwY2NjZjMyJnV1aWQ9MDkzZDFkYjA0ZDQwMTFlZTkwY2JhNzY2N2Q1NGI3ZjI'),
('0a77794078c011ee8fde83b24e1cd630', '2z_FcDpIEe6Kl1cgr87Xbw', 'efXTp3d7xPV6_g', 'false', 'false', '2023-11-01 14:07:50', 0, 'NETLESSROOM_YWs9eTFaN3hOTlNFY2JWR054TSZub25jZT0xNjk4ODQ3NjcwMzM0MDAmcm9sZT0xJnNpZz03ZGMyNGI1ZWUzYmExZTliNTU0YjQxOTlkMjk2NmY1MTQ4NDliNzYyZmE4NzY2NDE2MmUzNTEwMTY2MDMwOWQwJnV1aWQ9MGE3Nzc5NDA3OGMwMTFlZThmZGU4M2IyNGUxY2Q2MzA'),
('0f2eead0454f11ee90cba7667d54b7f2', '2z_FcDpIEe6Kl1cgr87Xbw', 'efXTp3d7xPV6_g', 'false', 'false', '2023-08-28 03:00:35', 0, 'NETLESSROOM_YWs9eTFaN3hOTlNFY2JWR054TSZub25jZT0xNjkzMTkxNjM1ODYwMDAmcm9sZT0xJnNpZz1kOTgzMjU0MzY3NDhiYzI3NTk3MjFjNzQ4ODUwZmRmYjc0NDkwY2JhYWJjMDljMjBhY2E0ODgwMzM4MDY5M2RjJnV1aWQ9MGYyZWVhZDA0NTRmMTFlZTkwY2JhNzY2N2Q1NGI3ZjI'),
('0f898c403caf11ee928e6554980fdf2f', '2z_FcDpIEe6Kl1cgr87Xbw', 'efXTp3d7xPV6_g', 'false', 'false', '2023-08-17 03:35:07', 0, 'NETLESSROOM_YWs9eTFaN3hOTlNFY2JWR054TSZub25jZT0xNjkyMjQzMzA3Njc3MDAmcm9sZT0xJnNpZz1hYjc5ZTRmYTI2NzEzMjA0ODJmNjljMGNlOTE0M2U5MTk3OTVjZmU3YTg1MzQ0Y2E1NmUxZTk3MTk2MzQ3MGEwJnV1aWQ9MGY4OThjNDAzY2FmMTFlZTkyOGU2NTU0OTgwZmRmMmY'),
('1749ad603be811ee8fde83b24e1cd630', '2z_FcDpIEe6Kl1cgr87Xbw', 'efXTp3d7xPV6_g', 'false', 'false', '2023-08-16 03:50:50', 0, 'NETLESSROOM_YWs9eTFaN3hOTlNFY2JWR054TSZub25jZT0xNjkyMTU3ODUwOTgzMDAmcm9sZT0xJnNpZz01Zjg2MDMwZWE2MWZmOTFmOTFlY2VkM2RkMzJhZGZhNzkyNzA3ODZjZDc3NGQ4YTk1MDA2YWJlZWI2ZmMxMzE0JnV1aWQ9MTc0OWFkNjAzYmU4MTFlZThmZGU4M2IyNGUxY2Q2MzA'),
('1e213d60635c11ee9092f53437514dfd', '2z_FcDpIEe6Kl1cgr87Xbw', 'efXTp3d7xPV6_g', 'false', 'false', '2023-10-05 08:49:38', 0, 'NETLESSROOM_YWs9eTFaN3hOTlNFY2JWR054TSZub25jZT0xNjk2NDk1Nzc5Mjg0MDAmcm9sZT0xJnNpZz0wMjUyYzQxNzNkZGE0N2YwYTg0ZWZlNzZkYjE4NTZiMjVmNjVlNGY1MjkxYjJiOGUzMzZlNDUyZjQwNDkzNDZmJnV1aWQ9MWUyMTNkNjA2MzVjMTFlZTkwOTJmNTM0Mzc1MTRkZmQ'),
('210a3ab03bd711ee8fde83b24e1cd630', '2z_FcDpIEe6Kl1cgr87Xbw', 'efXTp3d7xPV6_g', 'false', 'true', '2023-08-16 01:49:25', 0, 'NETLESSROOM_YWs9eTFaN3hOTlNFY2JWR054TSZub25jZT0xNjkyMTUwNTY1NzUzMDAmcm9sZT0xJnNpZz00ODYyOWJhY2Y4YmUzZDg3NTYzMDZiZTA4YmFlNGMyZWY2MjUxODk5NzVjOTEwMDljNmZkZTQxNzk5YWYxY2NiJnV1aWQ9MjEwYTNhYjAzYmQ3MTFlZThmZGU4M2IyNGUxY2Q2MzA'),
('211724603cc611ee90cba7667d54b7f2', '2z_FcDpIEe6Kl1cgr87Xbw', 'efXTp3d7xPV6_g', 'false', 'true', '2023-08-17 06:20:15', 0, 'NETLESSROOM_YWs9eTFaN3hOTlNFY2JWR054TSZub25jZT0xNjkyMjUzMjE1NTQ5MDAmcm9sZT0xJnNpZz0zODc4OTJlY2M5YmUzYTBmNzJiY2IzYzRiZWM3ZmZkZDcwOGEzMDMzMzg5ZWM1MTlkNzJiZmM4YTEzNmMwNzZiJnV1aWQ9MjExNzI0NjAzY2M2MTFlZTkwY2JhNzY2N2Q1NGI3ZjI'),
('2b8a9d003d7011ee8fde83b24e1cd630', '2z_FcDpIEe6Kl1cgr87Xbw', 'efXTp3d7xPV6_g', 'false', 'false', '2023-08-18 02:37:27', 0, 'NETLESSROOM_YWs9eTFaN3hOTlNFY2JWR054TSZub25jZT0xNjkyMzI2MjQ3NzI0MDAmcm9sZT0xJnNpZz00MDY0NmUxZjc3ZDIyNTBjYjQ2NDIwNDU1ZmJjMDJjMzc0ODA4NTk2ZGQ5MWMyNzE1N2U3ZTFmZWI1MGMyY2YwJnV1aWQ9MmI4YTlkMDAzZDcwMTFlZThmZGU4M2IyNGUxY2Q2MzA'),
('2e1e41703cc611ee8fde83b24e1cd630', '2z_FcDpIEe6Kl1cgr87Xbw', 'efXTp3d7xPV6_g', 'false', 'false', '2023-08-17 06:20:37', 0, 'NETLESSROOM_YWs9eTFaN3hOTlNFY2JWR054TSZub25jZT0xNjkyMjUzMjM3Njg0MDAmcm9sZT0xJnNpZz1kY2YzZDQzOTdhODkwMjBiZmFkM2FhNzM5ZjllZWU4Y2RjNTQyYTg4ODJiNmFiNzQyNTM0ZTQ0ZjJhNzk1Y2E3JnV1aWQ9MmUxZTQxNzAzY2M2MTFlZThmZGU4M2IyNGUxY2Q2MzA'),
('2e84f7906c9f11ee9092f53437514dfd', '2z_FcDpIEe6Kl1cgr87Xbw', 'efXTp3d7xPV6_g', 'false', 'false', '2023-10-17 03:42:23', 0, 'NETLESSROOM_YWs9eTFaN3hOTlNFY2JWR054TSZub25jZT0xNjk3NTE0MTQzNzE3MDAmcm9sZT0xJnNpZz1lYTk0MmRmNWE1MmVjMjRiNzFmNTAzMThjOWY4YTE4YTFlY2Y1YWM4MGU0ODg2MWRmNjI4NmJmNjMzMGUzNGM4JnV1aWQ9MmU4NGY3OTA2YzlmMTFlZTkwOTJmNTM0Mzc1MTRkZmQ'),
('2e9643903bf511ee8fde83b24e1cd630', '2z_FcDpIEe6Kl1cgr87Xbw', 'efXTp3d7xPV6_g', 'false', 'false', '2023-08-16 05:24:33', 0, 'NETLESSROOM_YWs9eTFaN3hOTlNFY2JWR054TSZub25jZT0xNjkyMTYzNDczNDY0MDAmcm9sZT0xJnNpZz1mNDE1MmM1YzY2MWYzODE4M2YxMWY1MzVhNWM0ZDU3NzMxNmE4YmVjM2E2OWJkMmU5NTQ0NjNhOWY2MWEwZjY1JnV1aWQ9MmU5NjQzOTAzYmY1MTFlZThmZGU4M2IyNGUxY2Q2MzA'),
('2f5efac03b4511ee8fde83b24e1cd630', '2z_FcDpIEe6Kl1cgr87Xbw', 'efXTp3d7xPV6_g', 'false', 'true', '2023-08-15 08:24:42', 0, 'NETLESSROOM_YWs9eTFaN3hOTlNFY2JWR054TSZub25jZT0xNjkyMDg3ODgzNDIzMDAmcm9sZT0xJnNpZz02ZTM0MWU1ODY0ZjYzNTE3MDNhYmVmOTg0Y2VhMGI0OWE1MzQ5OTAyYWUwZWI4OWI5ODY5OTU3NjMwNzE5M2U0JnV1aWQ9MmY1ZWZhYzAzYjQ1MTFlZThmZGU4M2IyNGUxY2Q2MzA'),
('30558ee04d5011ee90cba7667d54b7f2', '2z_FcDpIEe6Kl1cgr87Xbw', 'efXTp3d7xPV6_g', 'false', 'false', '2023-09-07 07:28:49', 0, 'NETLESSROOM_YWs9eTFaN3hOTlNFY2JWR054TSZub25jZT0xNjk0MDcxNzMwMjExMDAmcm9sZT0xJnNpZz03YzE0N2UxMmNjNmM1NmQwMTY2ODE4OGYxMDdlNjhlODZkNWIxYzlmMjQ1YjBkZDEyMjM0MmY2MDA3NmRjMjgyJnV1aWQ9MzA1NThlZTA0ZDUwMTFlZTkwY2JhNzY2N2Q1NGI3ZjI'),
('39b685c040b711ee90cba7667d54b7f2', '2z_FcDpIEe6Kl1cgr87Xbw', 'efXTp3d7xPV6_g', 'false', 'false', '2023-08-22 06:43:38', 0, 'NETLESSROOM_YWs9eTFaN3hOTlNFY2JWR054TSZub25jZT0xNjkyNjg2NjE5MTM3MDAmcm9sZT0xJnNpZz0wM2QzMDZiMTZkN2M0YTM4NTNjYTFlZjQ2MmExNmQ3MjU1ZWI4ZTBjYzlmNmM3YzE4NDMzMjRiYzNhZGJkMmNkJnV1aWQ9MzliNjg1YzA0MGI3MTFlZTkwY2JhNzY2N2Q1NGI3ZjI'),
('3cca61904d5111ee90cba7667d54b7f2', '2z_FcDpIEe6Kl1cgr87Xbw', 'efXTp3d7xPV6_g', 'false', 'false', '2023-09-07 07:36:20', 0, 'NETLESSROOM_YWs9eTFaN3hOTlNFY2JWR054TSZub25jZT0xNjk0MDcyMTgwODA5MDAmcm9sZT0xJnNpZz00YjFiMmVjMWQ3ODE3OTA2ZjY3YzU5NzRlZGJlOTkzMWYzNjk2Y2NhMDJjZGYzZDVmYmE3ZWUyNDYzMjEyMjQ0JnV1aWQ9M2NjYTYxOTA0ZDUxMTFlZTkwY2JhNzY2N2Q1NGI3ZjI'),
('442be7e04d4e11ee9092f53437514dfd', '2z_FcDpIEe6Kl1cgr87Xbw', 'efXTp3d7xPV6_g', 'false', 'false', '2023-09-07 07:15:04', 0, 'NETLESSROOM_YWs9eTFaN3hOTlNFY2JWR054TSZub25jZT0xNjk0MDcwOTA0NTQxMDAmcm9sZT0xJnNpZz02OTRmNGE0NWNlZjY0MzZmMmEzYzQzNmRhODYyZjQ4ZmJkMGVmYmFkOWIyZTE4ZDM3ZmIxMGVmMTU5NmU2Yjc3JnV1aWQ9NDQyYmU3ZTA0ZDRlMTFlZTkwOTJmNTM0Mzc1MTRkZmQ'),
('44d17dd03cd311ee8fde83b24e1cd630', '2z_FcDpIEe6Kl1cgr87Xbw', 'efXTp3d7xPV6_g', 'false', 'true', '2023-08-17 07:54:18', 0, 'NETLESSROOM_YWs9eTFaN3hOTlNFY2JWR054TSZub25jZT0xNjkyMjU4ODU5MDkxMDAmcm9sZT0xJnNpZz1kMTUwNTBmNWZhZjJiYjk4Y2JmYzdjMWQ3ODNmNWIyNWZhMzAwMmJmY2U4Y2JmMTg1NzExN2M3MjNiMWE0YWEzJnV1aWQ9NDRkMTdkZDAzY2QzMTFlZThmZGU4M2IyNGUxY2Q2MzA'),
('532259f03cc811ee928e6554980fdf2f', '2z_FcDpIEe6Kl1cgr87Xbw', 'efXTp3d7xPV6_g', 'false', 'true', '2023-08-17 06:35:58', 0, 'NETLESSROOM_YWs9eTFaN3hOTlNFY2JWR054TSZub25jZT0xNjkyMjU0MTU4NjY1MDAmcm9sZT0xJnNpZz01MDBhYjJmZTYzMGM1OGJmYTUwZmUwMjlhYmQ3ZmJkNjdhZjg2NjNkNzRiYjI5M2ExNTgxOTUyYWFiZGI2YzkxJnV1aWQ9NTMyMjU5ZjAzY2M4MTFlZTkyOGU2NTU0OTgwZmRmMmY'),
('55875d004d2411ee9092f53437514dfd', '2z_FcDpIEe6Kl1cgr87Xbw', 'efXTp3d7xPV6_g', 'false', 'false', '2023-09-07 02:14:54', 0, 'NETLESSROOM_YWs9eTFaN3hOTlNFY2JWR054TSZub25jZT0xNjk0MDUyODk0ODUyMDAmcm9sZT0xJnNpZz01NDNlOGYxNGQxZjcyZTk4NGY0MGQzOGY2ZjFhY2UwOGUyZDQ3MDc3ODJhNTc1MDdiYjAzZDkxYTA2Y2Q3MzMwJnV1aWQ9NTU4NzVkMDA0ZDI0MTFlZTkwOTJmNTM0Mzc1MTRkZmQ'),
('57ff4a706be711ee928e6554980fdf2f', '2z_FcDpIEe6Kl1cgr87Xbw', 'efXTp3d7xPV6_g', 'false', 'false', '2023-10-16 05:46:25', 0, 'NETLESSROOM_YWs9eTFaN3hOTlNFY2JWR054TSZub25jZT0xNjk3NDM1MTg1NzE1MDAmcm9sZT0xJnNpZz0yZTA3MDI5NTFiNTNkMmQ0ZDVjZWZhNmViNzVjNTYyYTUwOTQ3NDUzMGUxNGY0MWZhZDNiNTQyYmQ1YTA5MzcxJnV1aWQ9NTdmZjRhNzA2YmU3MTFlZTkyOGU2NTU0OTgwZmRmMmY'),
('59526b603be411ee8fde83b24e1cd630', '2z_FcDpIEe6Kl1cgr87Xbw', 'efXTp3d7xPV6_g', 'false', 'false', '2023-08-16 03:24:03', 0, 'NETLESSROOM_YWs9eTFaN3hOTlNFY2JWR054TSZub25jZT0xNjkyMTU2MjQzNTk2MDAmcm9sZT0xJnNpZz0zZjM1NGI2MWFhMWM3ZmQ5YTY4ODdiY2ZhNDYxMzQxYjBiYTVmMDgxMjA5OWEwYWRlMGQ2NWY3ZTFhM2Q2OWU4JnV1aWQ9NTk1MjZiNjAzYmU0MTFlZThmZGU4M2IyNGUxY2Q2MzA'),
('59a6a3c0733811ee928e6554980fdf2f', '2z_FcDpIEe6Kl1cgr87Xbw', 'efXTp3d7xPV6_g', 'false', 'false', '2023-10-25 13:13:55', 0, 'NETLESSROOM_YWs9eTFaN3hOTlNFY2JWR054TSZub25jZT0xNjk4MjM5NjM2MTk2MDAmcm9sZT0xJnNpZz0yZTRlOWNhNGM2YjljZTVhNWEwNGE5MGVkZjYyYTI2YzgyNDQzMDE1ZTZlNjdmNWI3MmM3OWNhZDA4YjhiZmY2JnV1aWQ9NTlhNmEzYzA3MzM4MTFlZTkyOGU2NTU0OTgwZmRmMmY'),
('5e5f66703bf911ee9092f53437514dfd', '2z_FcDpIEe6Kl1cgr87Xbw', 'efXTp3d7xPV6_g', 'false', 'true', '2023-08-16 05:54:31', 0, 'NETLESSROOM_YWs9eTFaN3hOTlNFY2JWR054TSZub25jZT0xNjkyMTY1MjcxNjA5MDAmcm9sZT0xJnNpZz0yYWE4ZTQ2YzEwMzZlNDRjOWIxYzhhOTUyYzMxZGY0OGQ4OGE4Y2U2YjI4NjJhZTJiZjUyYmUxNTcxN2MxMzViJnV1aWQ9NWU1ZjY2NzAzYmY5MTFlZTkwOTJmNTM0Mzc1MTRkZmQ'),
('6135e2003bd811ee9092f53437514dfd', '2z_FcDpIEe6Kl1cgr87Xbw', 'efXTp3d7xPV6_g', 'false', 'true', '2023-08-16 01:58:22', 0, 'NETLESSROOM_YWs9eTFaN3hOTlNFY2JWR054TSZub25jZT0xNjkyMTUxMTAzMDUxMDAmcm9sZT0xJnNpZz0wZWU2ODFiOGQ1YzhlOTA5OGNiYWQyMTRiYTU3NTdiZDc5ZmIxY2ViOWQ4ZWQ5MzExYjQxZDA2ZGU2ZWMxYjU3JnV1aWQ9NjEzNWUyMDAzYmQ4MTFlZTkwOTJmNTM0Mzc1MTRkZmQ'),
('614072404d5011ee90cba7667d54b7f2', '2z_FcDpIEe6Kl1cgr87Xbw', 'efXTp3d7xPV6_g', 'false', 'false', '2023-09-07 07:30:11', 0, 'NETLESSROOM_YWs9eTFaN3hOTlNFY2JWR054TSZub25jZT0xNjk0MDcxODEyNDk1MDAmcm9sZT0xJnNpZz0wZGEyMDVjMTZkZTA3MTUyYjA2ZmY4YzVhYjFhNDcyOWJmMWY1ZDUxZDM4MmRkMjI5OWNkZDhhMzhlM2MxN2IwJnV1aWQ9NjE0MDcyNDA0ZDUwMTFlZTkwY2JhNzY2N2Q1NGI3ZjI'),
('61c55ce0634d11ee8fde83b24e1cd630', '2z_FcDpIEe6Kl1cgr87Xbw', 'efXTp3d7xPV6_g', 'false', 'false', '2023-10-05 07:04:09', 0, 'NETLESSROOM_YWs9eTFaN3hOTlNFY2JWR054TSZub25jZT0xNjk2NDg5NDUwMjkzMDAmcm9sZT0xJnNpZz1kNGU4MzcwMzc2ZGUzNTZjOTg0YmUzNGI1NDA4OGZkM2Q0YTM1NjlmNzQ1NTU0ZGIyMDE3MmZkYTA0YjUzNDcyJnV1aWQ9NjFjNTVjZTA2MzRkMTFlZThmZGU4M2IyNGUxY2Q2MzA'),
('63b435d042e611ee9092f53437514dfd', '2z_FcDpIEe6Kl1cgr87Xbw', 'efXTp3d7xPV6_g', 'false', 'false', '2023-08-25 01:26:17', 0, 'NETLESSROOM_YWs9eTFaN3hOTlNFY2JWR054TSZub25jZT0xNjkyOTI2Nzc4MTc2MDAmcm9sZT0xJnNpZz00ZDBjMzk4ZmNmZWI1MzNiMWIwODAzYmY3YzRiNWYzYmY1NTNlMmI3NWViNTg2NzU3Yjg5MjM1MzQ1MDBmNzc2JnV1aWQ9NjNiNDM1ZDA0MmU2MTFlZTkwOTJmNTM0Mzc1MTRkZmQ'),
('63f02c20634d11ee9092f53437514dfd', '2z_FcDpIEe6Kl1cgr87Xbw', 'efXTp3d7xPV6_g', 'false', 'false', '2023-10-05 07:04:13', 0, 'NETLESSROOM_YWs9eTFaN3hOTlNFY2JWR054TSZub25jZT0xNjk2NDg5NDUzODkxMDAmcm9sZT0xJnNpZz0yNjhlZjBmOWRkMDg1MTQyOTk4NGIzMmZhMmMwMzkzNWU3MDU2NWVjY2E3YWEyMjVhNjg4MDg2Y2FkZmEwMjk3JnV1aWQ9NjNmMDJjMjA2MzRkMTFlZTkwOTJmNTM0Mzc1MTRkZmQ'),
('69fc04f04d3a11ee8fde83b24e1cd630', '2z_FcDpIEe6Kl1cgr87Xbw', 'efXTp3d7xPV6_g', 'false', 'false', '2023-09-07 04:52:57', 0, 'NETLESSROOM_YWs9eTFaN3hOTlNFY2JWR054TSZub25jZT0xNjk0MDYyMzc4MDM5MDAmcm9sZT0xJnNpZz1jMmQ3ZjQwNDQzMzI3ZDZhZTFiMzNmNjgzYjAwMGRhOWRjZTM5NDk4ZGVjNmE0NmExYmZhYzk1NTNiZDc2NTBlJnV1aWQ9NjlmYzA0ZjA0ZDNhMTFlZThmZGU4M2IyNGUxY2Q2MzA'),
('6b735b303b3d11ee90cba7667d54b7f2', '2z_FcDpIEe6Kl1cgr87Xbw', 'efXTp3d7xPV6_g', 'false', 'true', '2023-08-15 07:29:07', 0, 'NETLESSROOM_YWs9eTFaN3hOTlNFY2JWR054TSZub25jZT0xNjkyMDg0NTQ5MTQ4MDAmcm9sZT0xJnNpZz0xMDM0M2U4NTU5NzUzMTE4M2FmYzFlOGMwOTI3ZWRjNmM1OTA2YWQyMWNmOTEwNjk5YzUxNzZlZTdjZGQxMDUyJnV1aWQ9NmI3MzViMzAzYjNkMTFlZTkwY2JhNzY2N2Q1NGI3ZjI'),
('6c0cbe804d2411ee8fde83b24e1cd630', '2z_FcDpIEe6Kl1cgr87Xbw', 'efXTp3d7xPV6_g', 'false', 'false', '2023-09-07 02:15:32', 0, 'NETLESSROOM_YWs9eTFaN3hOTlNFY2JWR054TSZub25jZT0xNjk0MDUyOTMyNjA2MDAmcm9sZT0xJnNpZz1lMWY1Y2FmNzEwOWQyZTIyNDc1NDMyN2QxYjNhM2E3ZDJlZmI0NTllMWIzZGNkYjhiYWY2Njk0MDJmMzEyOTAyJnV1aWQ9NmMwY2JlODA0ZDI0MTFlZThmZGU4M2IyNGUxY2Q2MzA'),
('6c15fb503cd311ee8fde83b24e1cd630', '2z_FcDpIEe6Kl1cgr87Xbw', 'efXTp3d7xPV6_g', 'false', 'false', '2023-08-17 07:55:24', 0, 'NETLESSROOM_YWs9eTFaN3hOTlNFY2JWR054TSZub25jZT0xNjkyMjU4OTI0ODQ4MDAmcm9sZT0xJnNpZz00Yzg3YTJhYmZiZDBmMmY5ODMxMzM0MDM1Yzc1MTViNWUzYTNiZTgxNWViYzExMzEwMzI2NTBjNmRhN2I5NGU0JnV1aWQ9NmMxNWZiNTAzY2QzMTFlZThmZGU4M2IyNGUxY2Q2MzA'),
('77077ed03cd311ee8fde83b24e1cd630', '2z_FcDpIEe6Kl1cgr87Xbw', 'efXTp3d7xPV6_g', 'false', 'true', '2023-08-17 07:55:42', 0, 'NETLESSROOM_YWs9eTFaN3hOTlNFY2JWR054TSZub25jZT0xNjkyMjU4OTQzNjgzMDAmcm9sZT0xJnNpZz1hYjhhZWRjNGI4NGE5YTE2YTI4NzM0MGNhMzA3NjdmMTg2MGRkYjUwODY1N2NhYTQyYzYxN2M3NDkzZTEwNjc0JnV1aWQ9NzcwNzdlZDAzY2QzMTFlZThmZGU4M2IyNGUxY2Q2MzA'),
('773eb8603b4711ee90cba7667d54b7f2', '2z_FcDpIEe6Kl1cgr87Xbw', 'efXTp3d7xPV6_g', 'false', 'false', '2023-08-15 08:41:02', 0, 'NETLESSROOM_YWs9eTFaN3hOTlNFY2JWR054TSZub25jZT0xNjkyMDg4ODYzMDY4MDAmcm9sZT0xJnNpZz0xNjhkMWY0NDIzZDQwMzE0N2I2YWRmYTQwMTZjMTM5M2I1ZDdlOTZkMmZjODExMzNjMjkwZDAzMzRiZTZjZDY3JnV1aWQ9NzczZWI4NjAzYjQ3MTFlZTkwY2JhNzY2N2Q1NGI3ZjI'),
('7900cd007abc11ee9092f53437514dfd', '2z_FcDpIEe6Kl1cgr87Xbw', 'efXTp3d7xPV6_g', 'false', 'false', '2023-11-04 02:47:19', 0, 'NETLESSROOM_YWs9eTFaN3hOTlNFY2JWR054TSZub25jZT0xNjk5MDY2MDQwMzc0MDAmcm9sZT0xJnNpZz1hOWU3OWEzZTA2MDNlZTVmNTdmOGU4YzFiNTY4OGQxYWZjOWQyMDNiMGY5YjM5OWNhNjMyMTU4Zjk4MjZhN2NkJnV1aWQ9NzkwMGNkMDA3YWJjMTFlZTkwOTJmNTM0Mzc1MTRkZmQ'),
('7a8599303bfb11ee928e6554980fdf2f', '2z_FcDpIEe6Kl1cgr87Xbw', 'efXTp3d7xPV6_g', 'false', 'false', '2023-08-16 06:09:37', 0, 'NETLESSROOM_YWs9eTFaN3hOTlNFY2JWR054TSZub25jZT0xNjkyMTY2MTc3NzUxMDAmcm9sZT0xJnNpZz03NmZiNjZlYTg0ZjEyYTNiZWM0NmQxMmUxMmIxZGNiZWFiMjA3OTdmZjY3M2I3MWQ0NWViYmYxNWVmNzg0YTU2JnV1aWQ9N2E4NTk5MzAzYmZiMTFlZTkyOGU2NTU0OTgwZmRmMmY'),
('7aafd0204d5711ee9092f53437514dfd', '2z_FcDpIEe6Kl1cgr87Xbw', 'efXTp3d7xPV6_g', 'false', 'false', '2023-09-07 08:21:01', 0, 'NETLESSROOM_YWs9eTFaN3hOTlNFY2JWR054TSZub25jZT0xNjk0MDc0ODYxNDgxMDAmcm9sZT0xJnNpZz0zNWM1YjllMTljYmIxMGY1NGQ0N2I0YTVlNTA1YTI3M2Y2OWJlNzQzMGM0ZjA1ZTQzNjYxNDA1OTY0NTU3MDJjJnV1aWQ9N2FhZmQwMjA0ZDU3MTFlZTkwOTJmNTM0Mzc1MTRkZmQ'),
('7e248d2042e611ee90cba7667d54b7f2', '2z_FcDpIEe6Kl1cgr87Xbw', 'efXTp3d7xPV6_g', 'false', 'false', '2023-08-25 01:27:02', 0, 'NETLESSROOM_YWs9eTFaN3hOTlNFY2JWR054TSZub25jZT0xNjkyOTI2ODIyNjUzMDAmcm9sZT0xJnNpZz05NjNkNTg0NDEzYWFkYzk5NDExYjIwYmI0MzBlMmFjOTNjMzAyZDY3MWM1ODE5ODY3NTAxNTJiODk1NWIzYmFhJnV1aWQ9N2UyNDhkMjA0MmU2MTFlZTkwY2JhNzY2N2Q1NGI3ZjI'),
('7f115db04d2411ee928e6554980fdf2f', '2z_FcDpIEe6Kl1cgr87Xbw', 'efXTp3d7xPV6_g', 'false', 'false', '2023-09-07 02:16:04', 0, 'NETLESSROOM_YWs9eTFaN3hOTlNFY2JWR054TSZub25jZT0xNjk0MDUyOTY0NDkwMDAmcm9sZT0xJnNpZz01ZmViNjQyN2M2YTgxY2ZiMDUzY2IwYmViNGNiMDM4YWYxYmJhOWQ3OTIwODY5NzllZWZhMmFlNDczMmM5MjMxJnV1aWQ9N2YxMTVkYjA0ZDI0MTFlZTkyOGU2NTU0OTgwZmRmMmY'),
('819f0a403c0911ee90cba7667d54b7f2', '2z_FcDpIEe6Kl1cgr87Xbw', 'efXTp3d7xPV6_g', 'false', 'false', '2023-08-16 07:50:02', 0, 'NETLESSROOM_YWs9eTFaN3hOTlNFY2JWR054TSZub25jZT0xNjkyMTcyMjAyNjgyMDAmcm9sZT0xJnNpZz02MzUwMDA0Nzg5OWRlYzc3ZjZiZmQ5ZTk5NTI2YWFiMTc2YTIyZTA4YmViNjIxOTY0NjBmMWY0YTRkZjNiOGEzJnV1aWQ9ODE5ZjBhNDAzYzA5MTFlZTkwY2JhNzY2N2Q1NGI3ZjI'),
('81b90fd03be611ee928e6554980fdf2f', '2z_FcDpIEe6Kl1cgr87Xbw', 'efXTp3d7xPV6_g', 'false', 'false', '2023-08-16 03:39:30', 0, 'NETLESSROOM_YWs9eTFaN3hOTlNFY2JWR054TSZub25jZT0xNjkyMTU3MTcwNDA4MDAmcm9sZT0xJnNpZz0wZWE4OWU0MzY3MTUxZDk4NWVmZTY4ZTBiZmE0OWI2ZmM2MWQ2Njk1ZTFhZTQ0NTU0ZWU0NGM2ZTUzM2UxM2JhJnV1aWQ9ODFiOTBmZDAzYmU2MTFlZTkyOGU2NTU0OTgwZmRmMmY'),
('823f7f203b3c11ee8fde83b24e1cd630', '2z_FcDpIEe6Kl1cgr87Xbw', 'efXTp3d7xPV6_g', 'false', 'true', '2023-08-15 07:22:36', 0, 'NETLESSROOM_YWs9eTFaN3hOTlNFY2JWR054TSZub25jZT0xNjkyMDg0MTU2OTcwMDAmcm9sZT0xJnNpZz04YzVhYjliNjUzYWRmZmU0MmM3MTUzYzBiMzI2MWU2YTEzYzk4NGFlYzQ5NDE1ZGNmZjZiODcwNWYyZjJhZTZhJnV1aWQ9ODIzZjdmMjAzYjNjMTFlZThmZGU4M2IyNGUxY2Q2MzA'),
('885603103be211ee8fde83b24e1cd630', '2z_FcDpIEe6Kl1cgr87Xbw', 'efXTp3d7xPV6_g', 'false', 'true', '2023-08-16 03:11:03', 0, 'NETLESSROOM_YWs9eTFaN3hOTlNFY2JWR054TSZub25jZT0xNjkyMTU1NDYzNjUzMDAmcm9sZT0xJnNpZz1jYmU4NzBmYzNmNDhlYWUzM2Y0NDdiNTEyOWVmODI2MDVmNzFiZjk4MzRlMjU5MzYxM2U1MzNlN2NkNjMyYTkyJnV1aWQ9ODg1NjAzMTAzYmUyMTFlZThmZGU4M2IyNGUxY2Q2MzA'),
('89ee0e803cae11ee90cba7667d54b7f2', '2z_FcDpIEe6Kl1cgr87Xbw', 'efXTp3d7xPV6_g', 'false', 'false', '2023-08-17 03:31:23', 0, 'NETLESSROOM_YWs9eTFaN3hOTlNFY2JWR054TSZub25jZT0xNjkyMjQzMDgzNjYyMDAmcm9sZT0xJnNpZz00MDdiYmJkZDgwZTRlYjE3NzY4YzdkNjZjY2FjYTYyMTMwODU5ZDkxNzVlOTMxZjIxZmM4NjUwMTZkZjIwMzYyJnV1aWQ9ODllZTBlODAzY2FlMTFlZTkwY2JhNzY2N2Q1NGI3ZjI'),
('8c7067504d3b11ee928e6554980fdf2f', '2z_FcDpIEe6Kl1cgr87Xbw', 'efXTp3d7xPV6_g', 'false', 'false', '2023-09-07 05:01:05', 0, 'NETLESSROOM_YWs9eTFaN3hOTlNFY2JWR054TSZub25jZT0xNjk0MDYyODY1MzUwMDAmcm9sZT0xJnNpZz1hZTk4NjAyNmNjYWUxNjQ5NzE5N2E1YzFhYmRiNDQ1MGE0MTE0OGFiNjE2ZTA0OTY0MzUwMmMyNDU2YjA3YmFlJnV1aWQ9OGM3MDY3NTA0ZDNiMTFlZTkyOGU2NTU0OTgwZmRmMmY'),
('8e193ab04d4e11ee9092f53437514dfd', '2z_FcDpIEe6Kl1cgr87Xbw', 'efXTp3d7xPV6_g', 'false', 'false', '2023-09-07 07:17:08', 0, 'NETLESSROOM_YWs9eTFaN3hOTlNFY2JWR054TSZub25jZT0xNjk0MDcxMDI4NTM0MDAmcm9sZT0xJnNpZz1jNDhjMDRiYTMzMzgzMzJiYWQ5NDU3NjRiYTE4Yzc0ZTUwOWE5NTFmNjhmNzgxZGUyY2IzNmM1Y2Y5YzI3MmIyJnV1aWQ9OGUxOTNhYjA0ZDRlMTFlZTkwOTJmNTM0Mzc1MTRkZmQ'),
('91115c204d3a11ee928e6554980fdf2f', '2z_FcDpIEe6Kl1cgr87Xbw', 'efXTp3d7xPV6_g', 'false', 'false', '2023-09-07 04:54:03', 0, 'NETLESSROOM_YWs9eTFaN3hOTlNFY2JWR054TSZub25jZT0xNjk0MDYyNDQzODEwMDAmcm9sZT0xJnNpZz00NzVhMjE3YTJkYWIxODk1ZjZmMmZjOTVhZjA0NWFlNTFmODZmYjRhYTk5ODIxNDYzM2ZiNTVhYTg2Y2IzNzMwJnV1aWQ9OTExMTVjMjA0ZDNhMTFlZTkyOGU2NTU0OTgwZmRmMmY'),
('9262218042e611ee90cba7667d54b7f2', '2z_FcDpIEe6Kl1cgr87Xbw', 'efXTp3d7xPV6_g', 'false', 'false', '2023-08-25 01:27:36', 0, 'NETLESSROOM_YWs9eTFaN3hOTlNFY2JWR054TSZub25jZT0xNjkyOTI2ODU2Njk1MDAmcm9sZT0xJnNpZz0zNTBjYzYxZGM1N2U0NDY3YzFlMzliMDAxNzI4MWYyNDdkYzdmZTFlNWQ3OGUxMDIxMGM4MGZkMmY0NjE2MTQ2JnV1aWQ9OTI2MjIxODA0MmU2MTFlZTkwY2JhNzY2N2Q1NGI3ZjI'),
('927d18c04d4811ee8fde83b24e1cd630', '2z_FcDpIEe6Kl1cgr87Xbw', 'efXTp3d7xPV6_g', 'false', 'false', '2023-09-07 06:34:18', 0, 'NETLESSROOM_YWs9eTFaN3hOTlNFY2JWR054TSZub25jZT0xNjk0MDY4NDU5MDUxMDAmcm9sZT0xJnNpZz00N2U4ZDRkYjJmNzMxMDk5ZjcyZGJjMjM3ZTViMjllMmZhMTdjZDg1OWMwMjIzYjg1NzkxNjQwZmVmZTM1MDUwJnV1aWQ9OTI3ZDE4YzA0ZDQ4MTFlZThmZGU4M2IyNGUxY2Q2MzA'),
('928a1d80699611ee928e6554980fdf2f', '2z_FcDpIEe6Kl1cgr87Xbw', 'efXTp3d7xPV6_g', 'false', 'false', '2023-10-13 07:03:12', 0, 'NETLESSROOM_YWs9eTFaN3hOTlNFY2JWR054TSZub25jZT0xNjk3MTgwNTkyNjMwMDAmcm9sZT0xJnNpZz1mMjI4MmE2NDI5ZDI5ODgwNGI2NDBkN2FkZjQwYWQzZDQzMjU1OGVkMjRiYWE3NzJmM2U3Y2Y0MWRmYjg5NGQ1JnV1aWQ9OTI4YTFkODA2OTk2MTFlZTkyOGU2NTU0OTgwZmRmMmY'),
('9559dc20699211ee9092f53437514dfd', '2z_FcDpIEe6Kl1cgr87Xbw', 'efXTp3d7xPV6_g', 'false', 'false', '2023-10-13 06:34:38', 0, 'NETLESSROOM_YWs9eTFaN3hOTlNFY2JWR054TSZub25jZT0xNjk3MTc4ODgxMTA0MDAmcm9sZT0xJnNpZz1hYzcyNTJkZWY1YzA1MzMxYWQzY2U0N2UxNjMyMmYyYTY1OWEwMWFmM2Q3ZjdkODg0OTQwMDExN2Q4YzEzMmI0JnV1aWQ9OTU1OWRjMjA2OTkyMTFlZTkwOTJmNTM0Mzc1MTRkZmQ'),
('958e01d03cab11ee9092f53437514dfd', '2z_FcDpIEe6Kl1cgr87Xbw', 'efXTp3d7xPV6_g', 'false', 'false', '2023-08-17 03:10:14', 0, 'NETLESSROOM_YWs9eTFaN3hOTlNFY2JWR054TSZub25jZT0xNjkyMjQxODE0NTM0MDAmcm9sZT0xJnNpZz0yYTgxMDk0YTU3YzdkMTFhOWEwMzljM2M3MWMwMTJiMWQ5ZWU0OWI3NTA0NmUzZjY3N2EyODJiN2NkMTliOTBjJnV1aWQ9OTU4ZTAxZDAzY2FiMTFlZTkwOTJmNTM0Mzc1MTRkZmQ'),
('971eadc03cc811ee9092f53437514dfd', '2z_FcDpIEe6Kl1cgr87Xbw', 'efXTp3d7xPV6_g', 'false', 'false', '2023-08-17 06:37:52', 0, 'NETLESSROOM_YWs9eTFaN3hOTlNFY2JWR054TSZub25jZT0xNjkyMjU0MjcyNTczMDAmcm9sZT0xJnNpZz1hZWUwMDNmZDUwOGRhOTQ1ZjQxMDBjMDYyZDZkNWNlZjQ4ZDMwYjVjMGFmZjViZGZiODRhMGMwYTQxMTVlMGY4JnV1aWQ9OTcxZWFkYzAzY2M4MTFlZTkwOTJmNTM0Mzc1MTRkZmQ'),
('98852dc04d3e11ee9092f53437514dfd', '2z_FcDpIEe6Kl1cgr87Xbw', 'efXTp3d7xPV6_g', 'false', 'false', '2023-09-07 05:22:53', 0, 'NETLESSROOM_YWs9eTFaN3hOTlNFY2JWR054TSZub25jZT0xNjk0MDY0MTc0MTQ0MDAmcm9sZT0xJnNpZz00YTFlY2U3MTExZTUyMTUyMTcwM2E0YzcwMTVlMGE5NmUwNDg4ZmRlMTA0ZTYzODYwMzYwNGQ0YWRhZGU1ZmIzJnV1aWQ9OTg4NTJkYzA0ZDNlMTFlZTkwOTJmNTM0Mzc1MTRkZmQ'),
('9976d4304d5311ee90cba7667d54b7f2', '2z_FcDpIEe6Kl1cgr87Xbw', 'efXTp3d7xPV6_g', 'false', 'false', '2023-09-07 07:53:14', 0, 'NETLESSROOM_YWs9eTFaN3hOTlNFY2JWR054TSZub25jZT0xNjk0MDczMTk1MjEyMDAmcm9sZT0xJnNpZz1hNDA5YTgwOGFkZmFlNzg1NGE3NjcxODBjYTY2ZDAyZWVhODVhOWU4YTUyZjBmOTk2ZGE1YjUzZDlkMDMwNzJkJnV1aWQ9OTk3NmQ0MzA0ZDUzMTFlZTkwY2JhNzY2N2Q1NGI3ZjI'),
('99a1f8504d5211ee8fde83b24e1cd630', '2z_FcDpIEe6Kl1cgr87Xbw', 'efXTp3d7xPV6_g', 'false', 'false', '2023-09-07 07:46:05', 0, 'NETLESSROOM_YWs9eTFaN3hOTlNFY2JWR054TSZub25jZT0xNjk0MDcyNzY1ODc1MDAmcm9sZT0xJnNpZz02ODkyNDUxOWUxYjhkYzQzZjM0MWI5YjM0YzIzOTYxMTFiZjhkZjE4MDFkZWYzZDJjMTM5YjYzYTQwZTdjMmM4JnV1aWQ9OTlhMWY4NTA0ZDUyMTFlZThmZGU4M2IyNGUxY2Q2MzA'),
('9af490a03be611ee9092f53437514dfd', '2z_FcDpIEe6Kl1cgr87Xbw', 'efXTp3d7xPV6_g', 'false', 'false', '2023-08-16 03:40:12', 0, 'NETLESSROOM_YWs9eTFaN3hOTlNFY2JWR054TSZub25jZT0xNjkyMTU3MjEyNjg1MDAmcm9sZT0xJnNpZz03ZjhkNjFmZjJmOTg1MTUzNGMyN2Y3YmIyNGE0MzQyMjRlYjhmYjQ3NzhlNDBlMjU5MTg4Yjg1Y2ZhN2EyNjdiJnV1aWQ9OWFmNDkwYTAzYmU2MTFlZTkwOTJmNTM0Mzc1MTRkZmQ'),
('9dfe65803bf711ee9092f53437514dfd', '2z_FcDpIEe6Kl1cgr87Xbw', 'efXTp3d7xPV6_g', 'false', 'false', '2023-08-16 05:41:58', 0, 'NETLESSROOM_YWs9eTFaN3hOTlNFY2JWR054TSZub25jZT0xNjkyMTY0NTE5MzU3MDAmcm9sZT0xJnNpZz04MmI4ZjU2NzJmMzNhYzg4ZDM3ODM3YWEzYWI1ODE1YjYzMTgzOTVkNDY1NmMyN2ViYzE4MDBhMTk3OGY4YTk1JnV1aWQ9OWRmZTY1ODAzYmY3MTFlZTkwOTJmNTM0Mzc1MTRkZmQ'),
('9ec839b07ab711ee8fde83b24e1cd630', '2z_FcDpIEe6Kl1cgr87Xbw', 'efXTp3d7xPV6_g', 'false', 'false', '2023-11-04 02:12:35', 0, 'NETLESSROOM_YWs9eTFaN3hOTlNFY2JWR054TSZub25jZT0xNjk5MDYzOTU2MTk5MDAmcm9sZT0xJnNpZz1mMzM1OTc0ZGZiNzFhZjgxMTcyMTQ2NjgyNTVlNDAxMDRkOGM1ZTU5ODE2NDA3MGE2YmU5M2JlNWEyMjkyMWY0JnV1aWQ9OWVjODM5YjA3YWI3MTFlZThmZGU4M2IyNGUxY2Q2MzA'),
('9f860b707ab711ee928e6554980fdf2f', '2z_FcDpIEe6Kl1cgr87Xbw', 'efXTp3d7xPV6_g', 'false', 'false', '2023-11-04 02:12:36', 0, 'NETLESSROOM_YWs9eTFaN3hOTlNFY2JWR054TSZub25jZT0xNjk5MDYzOTU3MjUyMDAmcm9sZT0xJnNpZz1jOGJlNGQ0MTk4MzMyMzI3NzBkMTMyNDIyNWQ3OTY4MWQ0ZjM4OWViY2JjMTA4YTQ4NWY5MDQ1NTUyZGJlNmM0JnV1aWQ9OWY4NjBiNzA3YWI3MTFlZTkyOGU2NTU0OTgwZmRmMmY'),
('a23bff603ccc11ee90cba7667d54b7f2', '2z_FcDpIEe6Kl1cgr87Xbw', 'efXTp3d7xPV6_g', 'false', 'true', '2023-08-17 07:06:48', 0, 'NETLESSROOM_YWs9eTFaN3hOTlNFY2JWR054TSZub25jZT0xNjkyMjU2MDA5MjA4MDAmcm9sZT0xJnNpZz1hMjUyYjg3NTY5YTYxZWM4ZGVjOWFlZWM5NGEwZTAzNTBkZGIxOTlkYzM4ZTNjODE0MDkzODlmZmVlNDJkZTIyJnV1aWQ9YTIzYmZmNjAzY2NjMTFlZTkwY2JhNzY2N2Q1NGI3ZjI'),
('a2534020454c11ee9092f53437514dfd', '2z_FcDpIEe6Kl1cgr87Xbw', 'efXTp3d7xPV6_g', 'false', 'false', '2023-08-28 02:43:13', 0, 'NETLESSROOM_YWs9eTFaN3hOTlNFY2JWR054TSZub25jZT0xNjkzMTkwNTk0MTc1MDAmcm9sZT0xJnNpZz0xNTE5ZjZhNjFkMzdkODdlMTBkYWFhYTQ2ZjY5MTQ2N2IwNjgyZmUwMjlhYjJjNmQ5ZDQzMmVmOTJjYzI3ZGFiJnV1aWQ9YTI1MzQwMjA0NTRjMTFlZTkwOTJmNTM0Mzc1MTRkZmQ'),
('a3643da03cca11ee8fde83b24e1cd630', '2z_FcDpIEe6Kl1cgr87Xbw', 'efXTp3d7xPV6_g', 'false', 'true', '2023-08-17 06:52:31', 0, 'NETLESSROOM_YWs9eTFaN3hOTlNFY2JWR054TSZub25jZT0xNjkyMjU1MTUyMzE4MDAmcm9sZT0xJnNpZz0yNGU0ZGRiNmRmMWY5MTE4ZGZmYWJlODNiODAxZWFhY2JiZmUyMzU1YTU0YTYxY2FiNmQyNWRlZWYzMmU3YjE3JnV1aWQ9YTM2NDNkYTAzY2NhMTFlZThmZGU4M2IyNGUxY2Q2MzA'),
('a678be70424d11ee928e6554980fdf2f', '2z_FcDpIEe6Kl1cgr87Xbw', 'efXTp3d7xPV6_g', 'false', 'false', '2023-08-24 07:12:56', 0, 'NETLESSROOM_YWs9eTFaN3hOTlNFY2JWR054TSZub25jZT0xNjkyODYxMTc3Mzc4MDAmcm9sZT0xJnNpZz04Nzg3MmI4YjdlZmMzMjYxODczNDBkZTBjN2JlODBmNTcyMzMxZTlkY2YyOGY2YzIyODk2YjM3MTAxNGE1NTZlJnV1aWQ9YTY3OGJlNzA0MjRkMTFlZTkyOGU2NTU0OTgwZmRmMmY'),
('a6e52e6041a911ee928e6554980fdf2f', '2z_FcDpIEe6Kl1cgr87Xbw', 'efXTp3d7xPV6_g', 'false', 'false', '2023-08-23 11:39:00', 0, 'NETLESSROOM_YWs9eTFaN3hOTlNFY2JWR054TSZub25jZT0xNjkyNzkwNzQwNzg2MDAmcm9sZT0xJnNpZz0wNTM3YTZjZWYyMmVkNTY3MTdhOWExMzgyNWIxMjQ3MTQ1NzJhZDVkNjhmYTg5MmY2NmRlNmNmOGI4MzU3OGU2JnV1aWQ9YTZlNTJlNjA0MWE5MTFlZTkyOGU2NTU0OTgwZmRmMmY'),
('aa950c00422211ee928e6554980fdf2f', '2z_FcDpIEe6Kl1cgr87Xbw', 'efXTp3d7xPV6_g', 'false', 'false', '2023-08-24 02:05:15', 0, 'NETLESSROOM_YWs9eTFaN3hOTlNFY2JWR054TSZub25jZT0xNjkyODQyNzE1ODgwMDAmcm9sZT0xJnNpZz04ZWZhMzFiNDUzNzYwMTExOWMyMzRjMGM5MTIxMzNhNTQ5OTFiZTI3ZDFkZTk5Yzg5NGNlMWRlYWZiMzYzMGRmJnV1aWQ9YWE5NTBjMDA0MjIyMTFlZTkyOGU2NTU0OTgwZmRmMmY'),
('aaf11c90a4b811eeb003471e91dcbfc5', '2z_FcDpIEe6Kl1cgr87Xbw', 'efXTp3d7xPV6_g', 'false', 'false', '2023-12-27 13:05:54', 0, 'NETLESSROOM_YWs9eTFaN3hOTlNFY2JWR054TSZub25jZT0xNzAzNjgyMzU0OTMyMDAmcm9sZT0xJnNpZz0wNTNmYjNmNjUzZTRjZDVhNDZjMjIzY2E1OGM2NDJiNzBmYzRkMjgxOTc0MjhmZWVmMzljOGUxMDE5MWVjNDNlJnV1aWQ9YWFmMTFjOTBhNGI4MTFlZWIwMDM0NzFlOTFkY2JmYzU'),
('ac1cfd203be311ee8fde83b24e1cd630', '2z_FcDpIEe6Kl1cgr87Xbw', 'efXTp3d7xPV6_g', 'false', 'false', '2023-08-16 03:19:12', 0, 'NETLESSROOM_YWs9eTFaN3hOTlNFY2JWR054TSZub25jZT0xNjkyMTU1OTUzMTg2MDAmcm9sZT0xJnNpZz0xMzE0OGEzZjE4NTMzODlmYjQ3ZGU0MDA0Yjc0M2JlYWMwYWE4ZGM1NTQ3NjRjMWU2ZTA3NDRhNzNlN2VkZWYzJnV1aWQ9YWMxY2ZkMjAzYmUzMTFlZThmZGU4M2IyNGUxY2Q2MzA'),
('b147f6606c9e11ee9092f53437514dfd', '2z_FcDpIEe6Kl1cgr87Xbw', 'efXTp3d7xPV6_g', 'false', 'false', '2023-10-17 03:38:53', 0, 'NETLESSROOM_YWs9eTFaN3hOTlNFY2JWR054TSZub25jZT0xNjk3NTEzOTMzNDA4MDAmcm9sZT0xJnNpZz05ZjhhYjhhYWIxNmM4YWNhYWRiYTQ0MTQ1OGZjZWRhMjU4Y2FmNjk0MjQ4ZDFkNDYyNWU2MmQ0YWQzYTJkYzJjJnV1aWQ9YjE0N2Y2NjA2YzllMTFlZTkwOTJmNTM0Mzc1MTRkZmQ'),
('b36e6300788a11ee90cba7667d54b7f2', '2z_FcDpIEe6Kl1cgr87Xbw', 'efXTp3d7xPV6_g', 'false', 'false', '2023-11-01 07:46:00', 0, 'NETLESSROOM_YWs9eTFaN3hOTlNFY2JWR054TSZub25jZT0xNjk4ODI0NzYxMjgyMDAmcm9sZT0xJnNpZz0wOTQ0OThlMGU5YmVkNzhjOWUwNjRmOGUyNmZjOTgzNjc5MjFhOTY5OTkyYjMyYzU1NzQ2ZDQ0NmI0ODk5ZmE5JnV1aWQ9YjM2ZTYzMDA3ODhhMTFlZTkwY2JhNzY2N2Q1NGI3ZjI'),
('b544ea906cbf11ee9092f53437514dfd', '2z_FcDpIEe6Kl1cgr87Xbw', 'efXTp3d7xPV6_g', 'false', 'false', '2023-10-17 07:35:13', 0, 'NETLESSROOM_YWs9eTFaN3hOTlNFY2JWR054TSZub25jZT0xNjk3NTI4MTEzODEyMDAmcm9sZT0xJnNpZz1iYzAxZmZkNWVkZDRjNTMyZDY0NjU2MTRiZDFhM2NmMWVjNDgyNmFlM2EyN2I1MzgzNjQ3ZjBmZDliY2RiZGEzJnV1aWQ9YjU0NGVhOTA2Y2JmMTFlZTkwOTJmNTM0Mzc1MTRkZmQ'),
('b602ef103cca11ee8fde83b24e1cd630', '2z_FcDpIEe6Kl1cgr87Xbw', 'efXTp3d7xPV6_g', 'false', 'true', '2023-08-17 06:53:03', 0, 'NETLESSROOM_YWs9eTFaN3hOTlNFY2JWR054TSZub25jZT0xNjkyMjU1MTgzMzQ2MDAmcm9sZT0xJnNpZz00ZTRhYjA4M2QxZmVhZGVkYzgxNTIxZjYxODlhY2ZmN2ViYWRjZjA2NzU3MWE0ZjA2YzQwYTNhYzUzM2Q5YjM1JnV1aWQ9YjYwMmVmMTAzY2NhMTFlZThmZGU4M2IyNGUxY2Q2MzA'),
('b674ed304d5111ee928e6554980fdf2f', '2z_FcDpIEe6Kl1cgr87Xbw', 'efXTp3d7xPV6_g', 'false', 'false', '2023-09-07 07:39:44', 0, 'NETLESSROOM_YWs9eTFaN3hOTlNFY2JWR054TSZub25jZT0xNjk0MDcyMzg0Nzc4MDAmcm9sZT0xJnNpZz1lZjZlMDk2OTJlMTRhNGMzODM2MTM2N2RlNTRhMjIzOTEzM2EzYjY3YWExNzczMzMwY2ExNGE5OTcwYTM3NWQ4JnV1aWQ9YjY3NGVkMzA0ZDUxMTFlZTkyOGU2NTU0OTgwZmRmMmY'),
('b6e7b5703b3811ee9092f53437514dfd', '2z_FcDpIEe6Kl1cgr87Xbw', 'efXTp3d7xPV6_g', 'false', 'false', '2023-08-15 06:55:26', 0, 'NETLESSROOM_YWs9eTFaN3hOTlNFY2JWR054TSZub25jZT0xNjkyMDgyNTI3MjIxMDAmcm9sZT0xJnNpZz05MWJkOTIzMmE1YmYyODU4OTU0NGVkMTNjNTg4NjFlY2VmMGYyMDI0NjgxOGVlMWE0ZWJjMWYwYmFhMGUxZGQ4JnV1aWQ9YjZlN2I1NzAzYjM4MTFlZTkwOTJmNTM0Mzc1MTRkZmQ'),
('b7504af06cbf11ee9092f53437514dfd', '2z_FcDpIEe6Kl1cgr87Xbw', 'efXTp3d7xPV6_g', 'false', 'false', '2023-10-17 07:35:16', 0, 'NETLESSROOM_YWs9eTFaN3hOTlNFY2JWR054TSZub25jZT0xNjk3NTI4MTE3MjYzMDAmcm9sZT0xJnNpZz0yOTc2NzQ5NDQ0Mzg4NDUxZTJlZWFiNmVlMDI3M2NhMzM1MDU5OTJlZDEwZWU3MzlhZDlmYjk5YjlmM2JmY2ZmJnV1aWQ9Yjc1MDRhZjA2Y2JmMTFlZTkwOTJmNTM0Mzc1MTRkZmQ'),
('b918e4208e7811ee80fd5f5162af8a5d', '2z_FcDpIEe6Kl1cgr87Xbw', 'efXTp3d7xPV6_g', 'false', 'false', '2023-11-29 05:32:44', 0, 'NETLESSROOM_YWs9eTFaN3hOTlNFY2JWR054TSZub25jZT0xNzAxMjM1OTY1NzIwMDAmcm9sZT0xJnNpZz1lN2E4NGUwMWMxM2NiMmI2ODliYzZmYmZlYWExNzNkYTIxOGIyZjJkMzZhNzg4MGE3MzAzZTIwZTUxNGUzZWY2JnV1aWQ9YjkxOGU0MjA4ZTc4MTFlZTgwZmQ1ZjUxNjJhZjhhNWQ'),
('baaa9d104d5011ee9092f53437514dfd', '2z_FcDpIEe6Kl1cgr87Xbw', 'efXTp3d7xPV6_g', 'false', 'false', '2023-09-07 07:32:42', 0, 'NETLESSROOM_YWs9eTFaN3hOTlNFY2JWR054TSZub25jZT0xNjk0MDcxOTYyNDM5MDAmcm9sZT0xJnNpZz04NjcxYWUzZmQxN2ZhNDI5MTJlMjg1ZWM4MjRmNGI5MjBhYWNiMGVmMjM5MGQ2MmIzNDIyZGY1N2YxMjY1ZDY4JnV1aWQ9YmFhYTlkMTA0ZDUwMTFlZTkwOTJmNTM0Mzc1MTRkZmQ'),
('bfac3150423f11ee90cba7667d54b7f2', '2z_FcDpIEe6Kl1cgr87Xbw', 'efXTp3d7xPV6_g', 'false', 'false', '2023-08-24 05:33:26', 0, 'NETLESSROOM_YWs9eTFaN3hOTlNFY2JWR054TSZub25jZT0xNjkyODU1MjA2NTMyMDAmcm9sZT0xJnNpZz0wZjYxNGU3ZjhiYjhkYzllYzMzZTVkZTNkY2EwNGU3YmE3NTI3ODg4YTBmMzExM2MzYmU4MGIzNzRmNTcyODgzJnV1aWQ9YmZhYzMxNTA0MjNmMTFlZTkwY2JhNzY2N2Q1NGI3ZjI'),
('c3814c7061c011ee90cba7667d54b7f2', '2z_FcDpIEe6Kl1cgr87Xbw', 'efXTp3d7xPV6_g', 'false', 'false', '2023-10-03 07:45:03', 0, 'NETLESSROOM_YWs9eTFaN3hOTlNFY2JWR054TSZub25jZT0xNjk2MzE5MTA0NzI2MDAmcm9sZT0xJnNpZz02NzIzYWY1YTAzM2FhZTU2MTBiM2FlYzE3ODJlNDhlMjdlMjg4NzE3ZWFlNzJiZDk5NTU4MDBmZTg1OGE4MmY2JnV1aWQ9YzM4MTRjNzA2MWMwMTFlZTkwY2JhNzY2N2Q1NGI3ZjI'),
('c917ad5079f311ee9092f53437514dfd', '2z_FcDpIEe6Kl1cgr87Xbw', 'efXTp3d7xPV6_g', 'false', 'false', '2023-11-03 02:50:45', 0, 'NETLESSROOM_YWs9eTFaN3hOTlNFY2JWR054TSZub25jZT0xNjk4OTc5ODQ1OTM3MDAmcm9sZT0xJnNpZz0yZDg2OTViNTFhOWRlMzBiZmZhZGQ0ZGJkMjIxMWI4MWY5NWZkZjBiYTU5ZDRiMWY5MjFlM2I2YWRmNjMxMThjJnV1aWQ9YzkxN2FkNTA3OWYzMTFlZTkwOTJmNTM0Mzc1MTRkZmQ'),
('ccc79ff0415e11ee928e6554980fdf2f', '2z_FcDpIEe6Kl1cgr87Xbw', 'efXTp3d7xPV6_g', 'false', 'false', '2023-08-23 02:43:11', 0, 'NETLESSROOM_YWs9eTFaN3hOTlNFY2JWR054TSZub25jZT0xNjkyNzU4NTkyMDE1MDAmcm9sZT0xJnNpZz1hNDE2NTZmNWI2MTdlNDUzMzUyYTliNTdiNDU2MDhjMWQ2YmY2MWRiYmRhZWQ1ZjcxYjgzY2Q4YWJmNWNiMmQ2JnV1aWQ9Y2NjNzlmZjA0MTVlMTFlZTkyOGU2NTU0OTgwZmRmMmY'),
('cd99aa106fce11ee9092f53437514dfd', '2z_FcDpIEe6Kl1cgr87Xbw', 'efXTp3d7xPV6_g', 'false', 'false', '2023-10-21 05:00:49', 0, 'NETLESSROOM_YWs9eTFaN3hOTlNFY2JWR054TSZub25jZT0xNjk3ODY0NDUwNDQzMDAmcm9sZT0xJnNpZz0yOTI3MjkzOTQzNDFmMmYzOGYwMzlhMmU4OTE5MmI2ODllMDVjNmJmYzQ3NTI5NmJkZThlODZkYzEyNjU1NTFlJnV1aWQ9Y2Q5OWFhMTA2ZmNlMTFlZTkwOTJmNTM0Mzc1MTRkZmQ'),
('ce6843f03bf511ee9092f53437514dfd', '2z_FcDpIEe6Kl1cgr87Xbw', 'efXTp3d7xPV6_g', 'false', 'false', '2023-08-16 05:29:01', 0, 'NETLESSROOM_YWs9eTFaN3hOTlNFY2JWR054TSZub25jZT0xNjkyMTYzNzQxNTA5MDAmcm9sZT0xJnNpZz1hOWMyNjEzZTg2YzM3YzE2MzliYTBkZTQxN2E5YWEzMjRmYWY0Y2QwNGI5NmZjZWEyMmY1MWExYzlhM2I4NDBmJnV1aWQ9Y2U2ODQzZjAzYmY1MTFlZTkwOTJmNTM0Mzc1MTRkZmQ'),
('ced0ae406cbf11ee8fde83b24e1cd630', '2z_FcDpIEe6Kl1cgr87Xbw', 'efXTp3d7xPV6_g', 'false', 'false', '2023-10-17 07:35:56', 0, 'NETLESSROOM_YWs9eTFaN3hOTlNFY2JWR054TSZub25jZT0xNjk3NTI4MTU2NDIxMDAmcm9sZT0xJnNpZz0xZWNjZTJlYTRmYTM0ZjRiOGVkZGNmNTk3Nzg5OTllMDliZGM3NzczMGUwZDQ0Nzg5OTA3ZDA3ODUzYmE3Y2M3JnV1aWQ9Y2VkMGFlNDA2Y2JmMTFlZThmZGU4M2IyNGUxY2Q2MzA'),
('cfc751604d5111ee8fde83b24e1cd630', '2z_FcDpIEe6Kl1cgr87Xbw', 'efXTp3d7xPV6_g', 'false', 'false', '2023-09-07 07:40:26', 0, 'NETLESSROOM_YWs9eTFaN3hOTlNFY2JWR054TSZub25jZT0xNjk0MDcyNDI3Mzg3MDAmcm9sZT0xJnNpZz1iNDg1MjE0MjU0Y2M4OTYwNGVlZTNhOWUzMTZiZjhmMjlmMGJmNWQ5YTU0YzhmNDQyN2QxODBkYjA5MmQ4NjMwJnV1aWQ9Y2ZjNzUxNjA0ZDUxMTFlZThmZGU4M2IyNGUxY2Q2MzA'),
('d1880800417b11ee9092f53437514dfd', '2z_FcDpIEe6Kl1cgr87Xbw', 'efXTp3d7xPV6_g', 'false', 'false', '2023-08-23 06:10:54', 0, 'NETLESSROOM_YWs9eTFaN3hOTlNFY2JWR054TSZub25jZT0xNjkyNzcxMDU1MzY1MDAmcm9sZT0xJnNpZz0zODMyMjhkYzhmM2YwNDgxZjQxZDU2Y2Q0ZDc3ZWI3NzEwNzQ1NzM2ZDJhNmRmOWM5OGIxMTk5MmE4MGNkMGI5JnV1aWQ9ZDE4ODA4MDA0MTdiMTFlZTkwOTJmNTM0Mzc1MTRkZmQ'),
('d1c943d0418811ee9092f53437514dfd', '2z_FcDpIEe6Kl1cgr87Xbw', 'efXTp3d7xPV6_g', 'false', 'false', '2023-08-23 07:43:58', 0, 'NETLESSROOM_YWs9eTFaN3hOTlNFY2JWR054TSZub25jZT0xNjkyNzc2NjM5MDEzMDAmcm9sZT0xJnNpZz0wMTkwMjI1NTBkYzE2NDQ1ZTUwMDVmNWU5YmY2N2U5ZGI5N2NjYmNkZGQ3MzZmYjljNTBlZDUwMjVkNDkzZjY2JnV1aWQ9ZDFjOTQzZDA0MTg4MTFlZTkwOTJmNTM0Mzc1MTRkZmQ'),
('d1fd3dd04d4911ee8fde83b24e1cd630', '2z_FcDpIEe6Kl1cgr87Xbw', 'efXTp3d7xPV6_g', 'false', 'false', '2023-09-07 06:43:14', 0, 'NETLESSROOM_YWs9eTFaN3hOTlNFY2JWR054TSZub25jZT0xNjk0MDY4OTk0OTQwMDAmcm9sZT0xJnNpZz0zYWZhNDhmOTQzODBmMDM2ZDBjMzY1YjMyNDdkNWIxOTJiOGFmMDVlNTNjNzYyMGY5NDczZTRiODNlZjFlOWQwJnV1aWQ9ZDFmZDNkZDA0ZDQ5MTFlZThmZGU4M2IyNGUxY2Q2MzA'),
('d4de0ee06cbf11ee928e6554980fdf2f', '2z_FcDpIEe6Kl1cgr87Xbw', 'efXTp3d7xPV6_g', 'false', 'false', '2023-10-17 07:36:06', 0, 'NETLESSROOM_YWs9eTFaN3hOTlNFY2JWR054TSZub25jZT0xNjk3NTI4MTY2NjA3MDAmcm9sZT0xJnNpZz0yYTcxNTUwOGJhZjU3N2YwMzVlYmZlNjlkYmRlYTcyM2M1ZTBkODI2NDVjOTEzYzAwZTY5NTg5Njk5NGViMWY3JnV1aWQ9ZDRkZTBlZTA2Y2JmMTFlZTkyOGU2NTU0OTgwZmRmMmY'),
('d67705d0930811ee8833e70a453f9def', '2z_FcDpIEe6Kl1cgr87Xbw', 'efXTp3d7xPV6_g', 'false', 'false', '2023-12-05 00:54:26', 0, 'NETLESSROOM_YWs9eTFaN3hOTlNFY2JWR054TSZub25jZT0xNzAxNzM3NjY2NzUzMDAmcm9sZT0xJnNpZz1kMjM4ZDRiNGUzNDlhOWI3YTYzYTdkZWRmYjZiNTY2YzFjNTU1MWVmMDNhNzA3YjIzODlkMzlkNGVjZDRiNzVmJnV1aWQ9ZDY3NzA1ZDA5MzA4MTFlZTg4MzNlNzBhNDUzZjlkZWY'),
('d94b7bd0422511ee8fde83b24e1cd630', '2z_FcDpIEe6Kl1cgr87Xbw', 'efXTp3d7xPV6_g', 'false', 'false', '2023-08-24 02:28:02', 0, 'NETLESSROOM_YWs9eTFaN3hOTlNFY2JWR054TSZub25jZT0xNjkyODQ0MDgyNTk2MDAmcm9sZT0xJnNpZz1lYzE5ODk4MWNiN2E2NmRiZDQ4MGNkZDQzYjRmNzI1OWY3OGVlZGMxMWZjNGUwYzU3ZmY0ODhmYWQxOWJlODM2JnV1aWQ9ZDk0YjdiZDA0MjI1MTFlZThmZGU4M2IyNGUxY2Q2MzA'),
('dcfa1ea03cc411ee928e6554980fdf2f', '2z_FcDpIEe6Kl1cgr87Xbw', 'efXTp3d7xPV6_g', 'false', 'false', '2023-08-17 06:11:11', 0, 'NETLESSROOM_YWs9eTFaN3hOTlNFY2JWR054TSZub25jZT0xNjkyMjUyNjcyNDAyMDAmcm9sZT0xJnNpZz1kOWEwOWJlMjEzZWQyYTBjN2EyNDNlMzJlZjExMDE5ZDMzMDk3YjNhYTI5NTcwYzE4NzFkZDJlZjc0MGJiYzRmJnV1aWQ9ZGNmYTFlYTAzY2M0MTFlZTkyOGU2NTU0OTgwZmRmMmY'),
('e0dccee0926a11ee8833e70a453f9def', '2z_FcDpIEe6Kl1cgr87Xbw', 'efXTp3d7xPV6_g', 'false', 'false', '2023-12-04 06:03:43', 0, 'NETLESSROOM_YWs9eTFaN3hOTlNFY2JWR054TSZub25jZT0xNzAxNjY5ODIzNjc1MDAmcm9sZT0xJnNpZz03ZTc4YmU4NjQ2MGNmZmU4YjI4Y2ZmZTUzODY4YzhkM2ZmZjQzZmI0MDE2OGQ2ODIyMTFiZmI5ZmJlMjM0MGYzJnV1aWQ9ZTBkY2NlZTA5MjZhMTFlZTg4MzNlNzBhNDUzZjlkZWY'),
('e183dd70a4b711eeb2a475749d10cb14', '2z_FcDpIEe6Kl1cgr87Xbw', 'efXTp3d7xPV6_g', 'false', 'false', '2023-12-27 13:00:16', 0, 'NETLESSROOM_YWs9eTFaN3hOTlNFY2JWR054TSZub25jZT0xNzAzNjgyMDE3MDM5MDAmcm9sZT0xJnNpZz1iZTkzM2FjMjVmMTgzMzQwMzdmYTgwMTQzNDljZTRlZjIwZjY3NWVhZDFjZTZmMDZiZGVlOGMxMWZlYjZhNGFjJnV1aWQ9ZTE4M2RkNzBhNGI3MTFlZWIyYTQ3NTc0OWQxMGNiMTQ'),
('e19410f0926a11ee8a08fff08ed267a3', '2z_FcDpIEe6Kl1cgr87Xbw', 'efXTp3d7xPV6_g', 'false', 'false', '2023-12-04 06:03:44', 0, 'NETLESSROOM_YWs9eTFaN3hOTlNFY2JWR054TSZub25jZT0xNzAxNjY5ODI0ODM4MDAmcm9sZT0xJnNpZz03ZDkxZWI0ZGNlNzI0YWY3YTM3NjUwZmVjNTZkYjJmYzFmNzkxZDE0MzBhMWUyNjA5NmJhNDg2ZWVhNzRhM2RmJnV1aWQ9ZTE5NDEwZjA5MjZhMTFlZThhMDhmZmYwOGVkMjY3YTM'),
('e2a2bd30425a11ee8fde83b24e1cd630', '2z_FcDpIEe6Kl1cgr87Xbw', 'efXTp3d7xPV6_g', 'false', 'false', '2023-08-24 08:47:41', 0, 'NETLESSROOM_YWs9eTFaN3hOTlNFY2JWR054TSZub25jZT0xNjkyODY2ODYxNjM0MDAmcm9sZT0xJnNpZz00MTc0NGM4NWE5NGQ2YzA3MWYzYjMzYTYxOGYyMzFmYWZjNjMyZjczMTAwOTY2YzY0MjJkOWVmNzgzNzY0NDgzJnV1aWQ9ZTJhMmJkMzA0MjVhMTFlZThmZGU4M2IyNGUxY2Q2MzA'),
('e378b6e04d4711ee9092f53437514dfd', '2z_FcDpIEe6Kl1cgr87Xbw', 'efXTp3d7xPV6_g', 'false', 'false', '2023-09-07 06:29:25', 0, 'NETLESSROOM_YWs9eTFaN3hOTlNFY2JWR054TSZub25jZT0xNjk0MDY4MTY1Mjg5MDAmcm9sZT0xJnNpZz1lZjFlNzY4Njc1MDJkMDFiMWJkYjRkMzY4ZmJmZTBmZjdiNmQ5OGEyZmJjY2EwNWFiYmI3MjM4YjliYjlhM2EzJnV1aWQ9ZTM3OGI2ZTA0ZDQ3MTFlZTkwOTJmNTM0Mzc1MTRkZmQ'),
('e47a5a504d4511ee9092f53437514dfd', '2z_FcDpIEe6Kl1cgr87Xbw', 'efXTp3d7xPV6_g', 'false', 'false', '2023-09-07 06:15:07', 0, 'NETLESSROOM_YWs9eTFaN3hOTlNFY2JWR054TSZub25jZT0xNjk0MDY3MzA4MDM2MDAmcm9sZT0xJnNpZz02NzU2M2YwNzZiNzI1NjEzZTM3NDQyYzU0ZDlkNzY4YzE2MTQ1Mzc4OTY2ZDA1NzhmMjA1NzJiOWVhN2Q2YmU2JnV1aWQ9ZTQ3YTVhNTA0ZDQ1MTFlZTkwOTJmNTM0Mzc1MTRkZmQ'),
('e5138310a0b511eeb62adde695452dc9', '2z_FcDpIEe6Kl1cgr87Xbw', 'efXTp3d7xPV6_g', 'false', 'false', '2023-12-22 10:35:58', 0, 'NETLESSROOM_YWs9eTFaN3hOTlNFY2JWR054TSZub25jZT0xNzAzMjQxMzU5MzUyMDAmcm9sZT0xJnNpZz03MWRkMDFkYzY1OGFlZmZiNjcxOGZlYzZlYjg0ODBmODBmYzBhNzNlNDNhZWIzMWZlNTdhZmM1ZTU0YzkyZTM5JnV1aWQ9ZTUxMzgzMTBhMGI1MTFlZWI2MmFkZGU2OTU0NTJkYzk'),
('e82c94003cca11ee9092f53437514dfd', '2z_FcDpIEe6Kl1cgr87Xbw', 'efXTp3d7xPV6_g', 'false', 'false', '2023-08-17 06:54:27', 0, 'NETLESSROOM_YWs9eTFaN3hOTlNFY2JWR054TSZub25jZT0xNjkyMjU1MjY3ODg2MDAmcm9sZT0xJnNpZz04NWVjMjFkZjA5OGRmNTRlNmNkZGZlZjhkM2EzMjhlMDFjODNlMTM2YWEzNzZjNjViOWU1YzUxM2ViM2NmYmRlJnV1aWQ9ZTgyYzk0MDAzY2NhMTFlZTkwOTJmNTM0Mzc1MTRkZmQ'),
('ea8cfcd03c0711ee928e6554980fdf2f', '2z_FcDpIEe6Kl1cgr87Xbw', 'efXTp3d7xPV6_g', 'false', 'false', '2023-08-16 07:38:39', 0, 'NETLESSROOM_YWs9eTFaN3hOTlNFY2JWR054TSZub25jZT0xNjkyMTcxNTE5Njg4MDAmcm9sZT0xJnNpZz00MmQ0NTM2NzBlODgxM2FiOTdjY2QxN2EwOWE1MWI5Nzk5NjI2ZGNjMzFmYzJkZWQ2OWYyMDZkZTQ1NThiODAwJnV1aWQ9ZWE4Y2ZjZDAzYzA3MTFlZTkyOGU2NTU0OTgwZmRmMmY'),
('ec637ed04d5011ee928e6554980fdf2f', '2z_FcDpIEe6Kl1cgr87Xbw', 'efXTp3d7xPV6_g', 'false', 'false', '2023-09-07 07:34:05', 0, 'NETLESSROOM_YWs9eTFaN3hOTlNFY2JWR054TSZub25jZT0xNjk0MDcyMDQ1ODQ4MDAmcm9sZT0xJnNpZz0yNDlkMjFlYWNiZDQyYjU4YjIzM2MzZGFlNGJhMDU5Y2QwMDUwMWE0NzJhYTI5MzRmMTRjZWE4MzkxNTA4MGQ3JnV1aWQ9ZWM2MzdlZDA0ZDUwMTFlZTkyOGU2NTU0OTgwZmRmMmY'),
('f0f3e6f04d5111ee928e6554980fdf2f', '2z_FcDpIEe6Kl1cgr87Xbw', 'efXTp3d7xPV6_g', 'false', 'false', '2023-09-07 07:41:22', 0, 'NETLESSROOM_YWs9eTFaN3hOTlNFY2JWR054TSZub25jZT0xNjk0MDcyNDgzMTI4MDAmcm9sZT0xJnNpZz0xYzA0MGU2YjA5MDJjNmQ5NzMzMTA1ZWU3OTdlNjM5MmU3OTFkYzRhNDExZjAyNzFjNGVkY2ViOGI5ODA5MmRjJnV1aWQ9ZjBmM2U2ZjA0ZDUxMTFlZTkyOGU2NTU0OTgwZmRmMmY'),
('f1624920454e11ee9092f53437514dfd', '2z_FcDpIEe6Kl1cgr87Xbw', 'efXTp3d7xPV6_g', 'false', 'false', '2023-08-28 02:59:45', 0, 'NETLESSROOM_YWs9eTFaN3hOTlNFY2JWR054TSZub25jZT0xNjkzMTkxNTg2MDIzMDAmcm9sZT0xJnNpZz1kMzg5YWRiMjA2NGU2NjkxYzlkYWE0YTcxYzI0YzYyMDAwZWU0YWRiMDg0ZThiMWQ5ZDQwMTBmNjY1YjQ0ZjVkJnV1aWQ9ZjE2MjQ5MjA0NTRlMTFlZTkwOTJmNTM0Mzc1MTRkZmQ'),
('f17ba530417711ee90cba7667d54b7f2', '2z_FcDpIEe6Kl1cgr87Xbw', 'efXTp3d7xPV6_g', 'false', 'false', '2023-08-23 05:43:10', 0, 'NETLESSROOM_YWs9eTFaN3hOTlNFY2JWR054TSZub25jZT0xNjkyNzY5MzkwOTAxMDAmcm9sZT0xJnNpZz00OTdiZDNmMmZhYzJkZThhMzkwYzU3YmI2ZjZmYTAyZjlkNjgzOTFlZjQ5MjI0YWUzZmY1Mjk0ZjM2MmQ0NmEzJnV1aWQ9ZjE3YmE1MzA0MTc3MTFlZTkwY2JhNzY2N2Q1NGI3ZjI'),
('f22714d07ab911ee90cba7667d54b7f2', '2z_FcDpIEe6Kl1cgr87Xbw', 'efXTp3d7xPV6_g', 'false', 'false', '2023-11-04 02:29:14', 0, 'NETLESSROOM_YWs9eTFaN3hOTlNFY2JWR054TSZub25jZT0xNjk5MDY0OTU1MTAwMDAmcm9sZT0xJnNpZz0zMTU1MTQxYTgzNDJkZjJiZGZmZGUyZjU0YTYxOGU3MGM4Y2FkNzcyOWVkMzAyMzUxM2IxZTQxMDM2ZGQyNzg2JnV1aWQ9ZjIyNzE0ZDA3YWI5MTFlZTkwY2JhNzY2N2Q1NGI3ZjI'),
('f2765fb04d3a11ee8fde83b24e1cd630', '2z_FcDpIEe6Kl1cgr87Xbw', 'efXTp3d7xPV6_g', 'false', 'false', '2023-09-07 04:56:46', 0, 'NETLESSROOM_YWs9eTFaN3hOTlNFY2JWR054TSZub25jZT0xNjk0MDYyNjA3MDM0MDAmcm9sZT0xJnNpZz01MzhjYjAzMjRjN2ZjMWQ2MjY2M2FkYjI1MjMwZmVhMjkzMWE0MjM4YmE5MzhkY2NhMmY3NWFkNTBiNzBhYTdkJnV1aWQ9ZjI3NjVmYjA0ZDNhMTFlZThmZGU4M2IyNGUxY2Q2MzA'),
('f476ff803cc411ee928e6554980fdf2f', '2z_FcDpIEe6Kl1cgr87Xbw', 'efXTp3d7xPV6_g', 'false', 'false', '2023-08-17 06:11:50', 0, 'NETLESSROOM_YWs9eTFaN3hOTlNFY2JWR054TSZub25jZT0xNjkyMjUyNzExMTUzMDAmcm9sZT0xJnNpZz0wY2IxNzVjMjAyNWFmMGUwMDEwNWFiZjQzM2Q5OWY4NGJhYTliNDRiNDk2YTQwNmM0ZDExOTZkYTk3NjhlNmQ0JnV1aWQ9ZjQ3NmZmODAzY2M0MTFlZTkyOGU2NTU0OTgwZmRmMmY'),
('f5e42a403ca711ee8fde83b24e1cd630', '2z_FcDpIEe6Kl1cgr87Xbw', 'efXTp3d7xPV6_g', 'false', 'false', '2023-08-17 02:44:17', 0, 'NETLESSROOM_YWs9eTFaN3hOTlNFY2JWR054TSZub25jZT0xNjkyMjQwMjU4MzI1MDAmcm9sZT0xJnNpZz0wMzczNTBmZDg4OWNiN2RlOWQwZWQ3NDU3YzU0MTY1ZWVmOWYyNTc2ZWRhNDk0ZWQ3ZDI2OGQ2YjFiZWE3NjI5JnV1aWQ9ZjVlNDJhNDAzY2E3MTFlZThmZGU4M2IyNGUxY2Q2MzA'),
('ff5329f0454e11ee8fde83b24e1cd630', '2z_FcDpIEe6Kl1cgr87Xbw', 'efXTp3d7xPV6_g', 'false', 'false', '2023-08-28 03:00:08', 0, 'NETLESSROOM_YWs9eTFaN3hOTlNFY2JWR054TSZub25jZT0xNjkzMTkxNjA5MzYxMDAmcm9sZT0xJnNpZz1mNDBhZWZhZDNmNDJlYzQzYjE1Mzc5ZTI2YTJhMzg1NWUzODk1MDBiMGFkYWExMzM0ZGQ4YmU1ZjFhZDZjNTU5JnV1aWQ9ZmY1MzI5ZjA0NTRlMTFlZThmZGU4M2IyNGUxY2Q2MzA'),
('ffad9be03ff111ee9092f53437514dfd', '2z_FcDpIEe6Kl1cgr87Xbw', 'efXTp3d7xPV6_g', 'false', 'false', '2023-08-21 07:11:50', 0, 'NETLESSROOM_YWs9eTFaN3hOTlNFY2JWR054TSZub25jZT0xNjkyNjAxOTExNDc2MDAmcm9sZT0xJnNpZz1lMjA3MGYyYzI0NjcyMTE1YTJhNDQ5ODg0MGFjNjBiOWFhMDYwY2I1OGZkNjhkODRmOWU4NGFjNWQ4YjJjODdjJnV1aWQ9ZmZhZDliZTAzZmYxMTFlZTkwOTJmNTM0Mzc1MTRkZmQ');

-- --------------------------------------------------------

--
-- 資料表結構 `file_of_plant`
--

CREATE TABLE `file_of_plant` (
  `file_of_plant_id` int(5) NOT NULL,
  `plant_of_gardener_id` int(10) NOT NULL,
  `file_of_plant_name` varchar(100) NOT NULL,
  `file_of_plant_path` varchar(200) NOT NULL,
  `file_of_plant_number` int(3) NOT NULL COMMENT '果實的號碼(每個植物都有1-10號)'
) ENGINE=InnoDB DEFAULT CHARSET=utf8mb4 COLLATE=utf8mb4_general_ci;

--
-- 傾印資料表的資料 `file_of_plant`
--

INSERT INTO `file_of_plant` (`file_of_plant_id`, `plant_of_gardener_id`, `file_of_plant_name`, `file_of_plant_path`, `file_of_plant_number`) VALUES
(1, 6, '工作果實1號test.txt', '/Users/Minna/library-api/library-api/library-api/fruits/工作果實1號test.txt', 1),
(2, 6, '工作果實2號test.txt', '/Users/Minna/library-api/library-api/library-api/fruits/工作果實2號test.txt', 2),
(3, 7, '社團果實1號test.txt', '/Users/Minna/library-api/library-api/library-api/fruits/社團果實1號test.txt', 1),
(4, 7, '社團果實2號test.txt', '/Users/Minna/library-api/library-api/library-api/fruits/社團果實2號test.txt', 2),
(8, 3, 'test的30號葉子.pptx', '/Users/Minna/library-api/library-api/library-api/leafFile/test的30號葉子.pptx', 1),
(9, 68, 'uploadTestnot3.pptx', '/Users/Minna/library-api/library-api/library-api/fruit/uploadTestnot3.pptx', 1),
(10, 68, 'TEST20230823not3.pptx', '/Users/Minna/library-api/library-api/library-api/fruit/TEST20230823not3.pptx', 2),
(11, 75, 'TEST20230823not3.pptx', '/Users/Minna/library-api/library-api/library-api/fruit/TEST20230823not3.pptx', 1),
(14, 52, 'ooo45.pptx', '/Users/Minna/library-api/library-api/library-api/fruits/ooo45.pptx', 1),
(15, 64, '20230824Ching.pptx', '/Users/Minna/library-api/library-api/library-api/fruits/20230824Ching.pptx', 1),
(16, 62, '20230824Ching.pptx', '/Users/Minna/library-api/library-api/library-api/fruits/20230824Ching.pptx', 1),
(17, 92, '20230824minna.pptx', '/Users/Minna/library-api/library-api/library-api/fruits/20230824minna.pptx', 1),
(18, 91, '20230824minna.pptx', '/Users/Minna/library-api/library-api/library-api/fruits/20230824minna.pptx', 1),
(19, 54, '檔名_114_20230824155054.pptx', '/Users/Minna/library-api/library-api/library-api/fruits/檔名_114_20230824155054.pptx', 1),
(20, 54, '檔名_114_20230824155252.pptx', '/Users/Minna/library-api/library-api/library-api/fruits/檔名_114_20230824155252.pptx', 2),
(21, 93, 'GOPROTest_160_20230824160335.pptx', '/Users/Minna/library-api/library-api/library-api/fruits/GOPROTest_160_20230824160335.pptx', 1),
(22, 98, 'GOPRO222_164_20230824162356.pptx', '/Users/Minna/library-api/library-api/library-api/fruits/GOPRO222_164_20230824162356.pptx', 1),
(23, 100, '99TEST_165_20230824164221.pptx', '/Users/Minna/library-api/library-api/library-api/fruits/99TEST_165_20230824164221.pptx', 1),
(24, 100, '88888_165_20230824164807.pptx', '/Users/Minna/library-api/library-api/library-api/fruits/88888_165_20230824164807.pptx', 2),
(25, 101, 'jjj_166_20230824171310.pptx', '/Users/Minna/library-api/library-api/library-api/fruits/jjj_166_20230824171310.pptx', 1),
(26, 101, 'ttt_166_20230824171601.pptx', '/Users/Minna/library-api/library-api/library-api/fruits/ttt_166_20230824171601.pptx', 2),
(27, 102, '888_166_20230824182254.pptx', '/Users/Minna/library-api/library-api/library-api/fruits/888_166_20230824182254.pptx', 1),
(28, 102, 'jjjj_166_20230824190205.pptx', '/Users/Minna/library-api/library-api/library-api/fruits/jjjj_166_20230824190205.pptx', 2),
(29, 102, '111_166_20230825092338.pptx', '/Users/Minna/library-api/library-api/library-api/fruits/111_166_20230825092338.pptx', 3),
(30, 104, '20230824_167_20230825093539.pptx', '/Users/Minna/library-api/library-api/library-api/fruits/20230824_167_20230825093539.pptx', 1),
(31, 54, '檔名_114_20230825102055.pptx', '/Users/Minna/library-api/library-api/library-api/fruits/檔名_114_20230825102055.pptx', 3),
(32, 54, '檔名_114_20230825102437.pptx', '/Users/Minna/library-api/library-api/library-api/fruits/檔名_114_20230825102437.pptx', 4),
(33, 54, '檔名_114_20230825102735.pptx', '/Users/Minna/library-api/library-api/library-api/fruits/檔名_114_20230825102735.pptx', 5),
(34, 106, 'vvvv_169_20230825103504.pptx', '/Users/Minna/library-api/library-api/library-api/fruits/vvvv_169_20230825103504.pptx', 1),
(35, 107, '777_170_20230825133358.pptx', '/Users/Minna/library-api/library-api/library-api/fruits/777_170_20230825133358.pptx', 1),
(36, 68, 'test_139_20230825134438.pptx', '/Users/Minna/library-api/library-api/library-api/fruits/test_139_20230825134438.pptx', 3),
(37, 108, '85_171_20230828103338.pptx', '/Users/Minna/library-api/library-api/library-api/fruits/85_171_20230828103338.pptx', 1),
(38, 62, '111111_98_20230828105558.pptx', '/Users/Minna/library-api/library-api/library-api/fruits/111111_98_20230828105558.pptx', 2),
(39, 62, '_98_20230828110345.pptx', '/Users/Minna/library-api/library-api/library-api/fruits/_98_20230828110345.pptx', 3),
(40, 111, '23333_174_20230907100252.pptx', '/Users/Minna/library-api/library-api/library-api/fruits/23333_174_20230907100252.pptx', 1),
(41, 111, '_174_20230907105437.pptx', '/Users/Minna/library-api/library-api/library-api/fruits/_174_20230907105437.pptx', 2),
(42, 111, '_174_20230907105438.pptx', '/Users/Minna/library-api/library-api/library-api/fruits/_174_20230907105438.pptx', 3),
(43, 111, '344_174_20230907125210.pptx', '/Users/Minna/library-api/library-api/library-api/fruits/344_174_20230907125210.pptx', 4),
(44, 113, '4567778_176_20230907131609.pptx', '/Users/Minna/library-api/library-api/library-api/fruits/4567778_176_20230907131609.pptx', 1),
(45, 114, '6788_177_20230907132007.pptx', '/Users/Minna/library-api/library-api/library-api/fruits/6788_177_20230907132007.pptx', 1),
(46, 114, '4566_177_20230907132234.pptx', '/Users/Minna/library-api/library-api/library-api/fruits/4566_177_20230907132234.pptx', 2),
(47, 114, '4566_177_20230907132236.pptx', '/Users/Minna/library-api/library-api/library-api/fruits/4566_177_20230907132236.pptx', 3),
(48, 114, 'asdfgh_177_20230907133253.pptx', '/Users/Minna/library-api/library-api/library-api/fruits/asdfgh_177_20230907133253.pptx', 4),
(49, 114, 'qwertgh_177_20230907141448.pptx', '/Users/Minna/library-api/library-api/library-api/fruits/qwertgh_177_20230907141448.pptx', 5),
(50, 119, '123_182_20230907144644.pptx', '/Users/Minna/library-api/library-api/library-api/fruits/123_182_20230907144644.pptx', 1),
(51, 119, '12345tgb_182_20230907151443.pptx', '/Users/Minna/library-api/library-api/library-api/fruits/12345tgb_182_20230907151443.pptx', 2),
(52, 119, '12345_182_20230907154852.pptx', '/Users/Minna/library-api/library-api/library-api/fruits/12345_182_20230907154852.pptx', 3),
(53, 119, '34566_182_20230907160438.pptx', '/Users/Minna/library-api/library-api/library-api/fruits/34566_182_20230907160438.pptx', 4),
(54, 119, '12345_182_20230907160843.pptx', '/Users/Minna/library-api/library-api/library-api/fruits/12345_182_20230907160843.pptx', 5),
(55, 121, 'asd_184_20230907162504.pptx', '/Users/Minna/library-api/library-api/library-api/fruits/asd_184_20230907162504.pptx', 1),
(56, 122, '123_185_20230907162735.pptx', '/Users/Minna/library-api/library-api/library-api/fruits/123_185_20230907162735.pptx', 1),
(57, 124, '1234_187_20230907165016.pptx', '/Users/Minna/library-api/library-api/library-api/fruits/1234_187_20230907165016.pptx', 1),
(58, 124, '123_187_20230907165110.pptx', '/Users/Minna/library-api/library-api/library-api/fruits/123_187_20230907165110.pptx', 2),
(59, 125, '12345_188_20230907165309.pptx', '/Users/Minna/library-api/library-api/library-api/fruits/12345_188_20230907165309.pptx', 1),
(60, 125, '12345_188_20230907165557.pptx', '/Users/Minna/library-api/library-api/library-api/fruits/12345_188_20230907165557.pptx', 2),
(61, 128, '_191_20230907171834.pptx', '/Users/Minna/library-api/library-api/library-api/fruits/_191_20230907171834.pptx', 1),
(62, 130, '20230913TEST_192_20230913144849.pptx', '/Users/Minna/library-api/library-api/library-api/fruits/20230913TEST_192_20230913144849.pptx', 1),
(63, 130, '7852458962_192_20230913150115.pptx', '/Users/Minna/library-api/library-api/library-api/fruits/7852458962_192_20230913150115.pptx', 2),
(64, 130, '20230915_192_20230915091257.pptx', '/Users/Minna/library-api/library-api/library-api/fruits/20230915_192_20230915091257.pptx', 3),
(65, 141, '15546689_108_20230924190035.pptx', '/Users/Minna/library-api/library-api/library-api/fruits/15546689_108_20230924190035.pptx', 1),
(66, 130, 'saaaaa_192_20230927112019.pptx', '/Users/Minna/library-api/library-api/library-api/fruits/saaaaa_192_20230927112019.pptx', 4),
(67, 130, 'tghyj_192_20230927122042.pptx', '/Users/Minna/library-api/library-api/library-api/fruits/tghyj_192_20230927122042.pptx', 5),
(68, 130, 'olkmhj6_192_20230927122111.pptx', '/Users/Minna/library-api/library-api/library-api/fruits/olkmhj6_192_20230927122111.pptx', 6),
(69, 129, '123344_192_20230927151503.pptx', '/Users/Minna/library-api/library-api/library-api/fruits/123344_192_20230927151503.pptx', 1),
(70, 44, '126123_114_20230927152315.pptx', '/Users/Minna/library-api/library-api/library-api/fruits/126123_114_20230927152315.pptx', 1),
(71, 129, '123_192_20230927152444.pptx', '/Users/Minna/library-api/library-api/library-api/fruits/123_192_20230927152444.pptx', 2),
(72, 143, 'sunflower_192_20230928144159.pptx', '/Users/Minna/library-api/library-api/library-api/fruits/sunflower_192_20230928144159.pptx', 1),
(73, 130, 'yhbgf_192_20230928203716.pptx', '/Users/Minna/library-api/library-api/library-api/fruits/yhbgf_192_20230928203716.pptx', 7),
(74, 130, 'md_192_20230928220703.pptx', '/Users/Minna/library-api/library-api/library-api/fruits/md_192_20230928220703.pptx', 8),
(75, 146, 'ttttttt_194_20231001191223.pptx', '/Users/Minna/library-api/library-api/library-api/fruits/ttttttt_194_20231001191223.pptx', 1),
(76, 129, '123_192_20231002174523.pptx', '/Users/Minna/library-api/library-api/library-api/fruits/123_192_20231002174523.pptx', 3),
(77, 141, 'test_108_20231003154210.pptx', '/Users/Minna/library-api/library-api/library-api/fruits/test_108_20231003154210.pptx', 2),
(78, 131, 'ertg_192_20231005151011.pptx', '/Users/Minna/library-api/library-api/library-api/fruits/ertg_192_20231005151011.pptx', 1),
(79, 142, 'qerfhv_192_20231005162215.pptx', '/Users/Minna/library-api/library-api/library-api/fruits/qerfhv_192_20231005162215.pptx', 1),
(80, 45, 'Yes_114_20231016134113.pptx', '/Users/Minna/library-api/library-api/library-api/fruits/Yes_114_20231016134113.pptx', 1),
(81, 149, '1016_138_20231016135128.pptx', '/Users/Minna/library-api/library-api/library-api/fruits/1016_138_20231016135128.pptx', 1),
(82, 46, 'test_114_20231016223816.pptx', '/Users/Minna/library-api/library-api/library-api/fruits/test_114_20231016223816.pptx', 1),
(83, 46, 'test_114_20231016223817.pptx', '/Users/Minna/library-api/library-api/library-api/fruits/test_114_20231016223817.pptx', 2),
(84, 149, 'www_138_20231017114233.pptx', '/Users/Minna/library-api/library-api/library-api/fruits/www_138_20231017114233.pptx', 2),
(85, 94, '測試試_161_20231017114915.pptx', '/Users/Minna/library-api/library-api/library-api/fruits/測試試_161_20231017114915.pptx', 1),
(86, 151, '36的會議啊_1_20231019222917.pptx', '/Users/Minna/library-api/library-api/library-api/fruits/36的會議啊_1_20231019222917.pptx', 1),
(87, 149, '測試_138_20231025203529.pptx', '/Users/Minna/library-api/library-api/library-api/fruits/測試_138_20231025203529.pptx', 3),
(88, 149, '123_138_20231025212917.pptx', '/Users/Minna/library-api/library-api/library-api/fruits/123_138_20231025212917.pptx', 4),
(89, 130, '20231104DEMO_192_20231027102251.pptx', '/Users/Minna/library-api/library-api/library-api/fruits/20231104DEMO_192_20231027102251.pptx', 9),
(90, 153, '會議_1_20231029175334.pptx', '/Users/Minna/library-api/library-api/library-api/fruits/會議_1_20231029175334.pptx', 1),
(91, 153, '子晴會議_1_20231101133901.pptx', '/Users/Minna/library-api/library-api/library-api/fruits/子晴會議_1_20231101133901.pptx', 2),
(92, 149, 'aaa_138_20231101150545.pptx', '/Users/Minna/library-api/library-api/library-api/fruits/aaa_138_20231101150545.pptx', 5),
(93, 149, '_138_20231101151206.pptx', '/Users/Minna/library-api/library-api/library-api/fruits/_138_20231101151206.pptx', 6),
(94, 129, '咪嚕 咪嚕 咪嚕跌碰_192_20231101212054.pptx', '/Users/Minna/library-api/library-api/library-api/fruits/咪嚕 咪嚕 咪嚕跌碰_192_20231101212054.pptx', 4),
(95, 149, '呵呵哈嘻_138_20231101212707.pptx', '/Users/Minna/library-api/library-api/library-api/fruits/呵呵哈嘻_138_20231101212707.pptx', 7),
(96, 149, 'Aaa_138_20231129122749.pptx', '/Users/Minna/library-api/library-api/library-api/fruits/Aaa_138_20231129122749.pptx', 8),
(97, 129, 'gg_192_20231129192702.pptx', '/Users/Minna/library-api/library-api/library-api/fruits/gg_192_20231129192702.pptx', 5),
(98, 94, 'test0314_161_20240314160152.pptx', '/Users/Minna/library-api/library-api/library-api/fruits/test0314_161_20240314160152.pptx', 2);

-- --------------------------------------------------------

--
-- 資料表結構 `function_of_gardener`
--

CREATE TABLE `function_of_gardener` (
  `function_of_gerdener_id` int(3) NOT NULL,
  `gardener_id` int(20) NOT NULL,
  `function_text_content` varchar(100) NOT NULL
) ENGINE=InnoDB DEFAULT CHARSET=utf8mb4 COLLATE=utf8mb4_general_ci;

-- --------------------------------------------------------

--
-- 資料表結構 `gardener`
--

CREATE TABLE `gardener` (
  `gardener_id` int(20) NOT NULL,
  `first_name` varchar(20) NOT NULL,
  `account` varchar(50) NOT NULL,
  `password_hash` varchar(60) NOT NULL,
  `gardener_status` varchar(5) NOT NULL DEFAULT '離線',
  `gardener_avatar_name` varchar(100) NOT NULL,
  `gardener_avatar_path` varchar(200) NOT NULL
) ENGINE=InnoDB DEFAULT CHARSET=utf8mb4 COLLATE=utf8mb4_general_ci;

--
-- 傾印資料表的資料 `gardener`
--

INSERT INTO `gardener` (`gardener_id`, `first_name`, `account`, `password_hash`, `gardener_status`, `gardener_avatar_name`, `gardener_avatar_path`) VALUES
(1, 'Ting', 'B0929036', '$2y$13$Y4z08sTSttwWNw9qhSBX5OSjOl3svP8Rz1S7BvV7pj14QlouI9986', '在線', 'B0929036.jpg', '/Users/Minna/library-api/library-api/library-api/gardener頭像/B0929036.jpg'),
(38, 'Hi', 'B0929077', '$2y$13$l0dM1kJvkjXQXbTIAIGGJ.5K0lpjb8.ltXhYTRzrqUqE9rHxIB3BS', '離線', 'B0929077.jpg', '/Users/Minna/library-api/library-api/library-api/gardener頭像/B0929077.jpg'),
(53, 'Six', 'B0929066', '$2y$13$YIqYFn2jJSPUB/kHnuUfTujIOEgI5Ou4wIWnSBLOX.00W5YYg2qyy', '離線', 'B0929066.jpg', '/Users/Minna/library-api/library-api/library-api/gardener頭像/B0929066.jpg'),
(55, 'TEST', 'TEST', '$2y$13$hWVeizjP7SDDsf.xSHakmez8uWx.MHC2Cb4AIhzGPTJF735wfMOmm', '離線', 'TEST.jpg', '/Users/Minna/library-api/library-api/library-api/gardener頭像/TEST.jpg'),
(56, 'Ping', 'B0929003', '$2y$13$n1jZX3gAzitSepB9cyJmJuC7u.HOALuegR6ImxEvLxiCU3SL0tpqC', '在線', 'B0929003.jpg', '/Users/Minna/library-api/library-api/library-api/gardener頭像/B0929003.jpg'),
(59, 'HH', 'HH', '$2y$13$gxA2jl7Kvj/aQvefDbze7.QKhbLgYSL9sagNS8TsiAwnBdzRv1fgS', '離線', 'HH.jpg', '/Users/Minna/library-api/library-api/library-api/gardener頭像/HH.jpg'),
(63, 'Ming', 'B0929046', '$2y$13$4drWsofpmaWnJF613f8rTeXn5io7Xcj0MSBH0OvexQ0znSCCf5kiS', '在線', 'TESTjpg', '/Users/Minna/library-api/library-api/library-api/gardener頭像/TEST.jpg'),
(78, 'TE', 'TE', '$2y$13$S9HL6B7sxZwDNh5R8RxTjOlQ5cAeir2pRPoOjvR5x3qFo60jVAn/C', '離線', '下載74.jpg', '/Users/Minna/library-api/library-api/library-api/gardener頭像/下載74.jpg'),
(83, 'minna', 'minna', '$2y$13$lzFrI55XmahrpTJjIGSTUe3Iri74uQJKcNXGyEI9CkVAfkNui9dTu', '在線', 'minna.jpg', '/Users/Minna/library-api/library-api/library-api/gardener頭像/minna.jpg'),
(84, '444', '444', '$2y$13$dbfHFMVXHHsH/3sSiFL3HOIAgaYu.T78OECjvQhYA7e5XV.B1PJo2', '離線', '444.jpg', '/Users/Minna/library-api/library-api/library-api/gardener頭像/444.jpg'),
(86, '3', '3', '$2y$13$Q445CQRvan0I7jcVsQXQ.Oors7OXxsv/m9kDCqp139.exMoLtzqva', '離線', '3.jpg', '/Users/Minna/library-api/library-api/library-api/gardener頭像/3.jpg'),
(87, '7', '7', '$2y$13$Xuf9gtfnxno5KK2MHqE60ut5oW9HMcvwohNWMyd0M3E6iZCQ1o0p.', '離線', '7.jpg', '/Users/Minna/library-api/library-api/library-api/gardener頭像/7.jpg'),
(88, '9', '9', '$2y$13$q1VmftQBmE8EMSFP4Ps8eO0pCZw9NcjUCy7h8OmhbEFcUsJdA87Ve', '離線', '9.jpg', '/Users/Minna/library-api/library-api/library-api/gardener頭像/9.jpg'),
(89, 'zxcv', 'B092908777', '$2y$13$Kn3d36nlsV10h.M8m.CAM.TWdAmstWZs1MwLEGEtKwCyftIykcK8i', '離線', 'B092908777.jpg', '/Users/Minna/library-api/library-api/library-api/gardener頭像/B092908777.jpg'),
(98, 'Ching', 'B0929045', '$2y$13$Li5tY/WXm2XowNDAeOckzeD/NTbgEuq56oQIGoMKFDD3WvBjQA1TC', '離線', 'B0929045.jpg', '/Users/Minna/library-api/library-api/library-api/gardener頭像/B0929045.jpg'),
(108, '12345', '12345', '$2y$13$oa81079uxD9Xl2jVCOpalO7bfUreYmSWEsCkA9E6mtS0i4Cy8QEX2', '在線', '12345.jpg', '/Users/Minna/library-api/library-api/library-api/gardener頭像/12345.jpg'),
(111, 'yaya', '67', '$2y$13$9nVhrWvOvOaaGy40U5PsHuK1y3PHUD63x7tdOK3p8mlmDaH8/8oLS', '離線', '67.jpg', '/Users/Minna/library-api/library-api/library-api/gardener頭像/67.jpg'),
(113, 'yabi', 'yabi', '$2y$13$aErxSGaDkdHlwONBUZbNI.iaDqoAyGE1AoINx2z6q0vYwydOwd5.6', '在線', 'yabi.jpg', '/Users/Minna/library-api/library-api/library-api/gardener頭像/yabi.jpg'),
(114, '45', '45', '$2y$13$31YuGq/E1BJxbbf0WrhXsur8nwA7ZRBg/.hHos6k5iyZHbzyJrWge', '離線', '45.jpg', '/Users/Minna/library-api/library-api/library-api/gardener頭像/45.jpg'),
(115, 'cc', 'cc', '$2y$13$ONJ.tHbjkTIUWkOl3ukT8ekjK3cnfnsr1.z3dcvmv1UoUEmWWEXcq', '離線', 'cc.jpg', '/Users/Minna/library-api/library-api/library-api/gardener頭像/cc.jpg'),
(116, '123', '123', '$2y$13$Mxlu60Hv6h3ttIxXn3KIFOTBvssCc1g9RRTH8BbHmpBvsE6/qNn6i', '離線', '123.jpg', '/Users/Minna/library-api/library-api/library-api/gardener頭像/123.jpg'),
(117, '12', '12', '$2y$13$vv9zu0aBrh0.DiRUlb.te.MGg9FabZ4XfclMlF8ulOkVAt98Z5v96', '在線', '12.jpg', '/Users/Minna/library-api/library-api/library-api/gardener頭像/12.jpg'),
(118, '23', '23', '$2y$13$j5ao/anzlfh3KPLdw5riTedbRTeOa1l8GwHk38adS6E/gd2MJ2TSC', '離線', '23.jpg', '/Users/Minna/library-api/library-api/library-api/gardener頭像/23.jpg'),
(119, '34', '34', '$2y$13$f/nyMhKq6I.x6B.Cimy8n.y7aCMMqz.Kvq06QBjVFBrrPMZMy8w4W', '在線', '34.jpg', '/Users/Minna/library-api/library-api/library-api/gardener頭像/34.jpg'),
(120, '888', '888', '$2y$13$PK1Z3FrxNbdbxI5cQrm0g.jHLmVoKN7pCzM5rTVp9aSL76TLZO3cy', '離線', '888.jpg', '/Users/Minna/library-api/library-api/library-api/gardener頭像/888.jpg'),
(121, 'pig', 'pig', '$2y$13$Y0IAsyAxIryolukaSRCI3uoU9SQQS0afWm.SJ90ERzAx6iSr4852q', '離線', 'pig.jpg', '/Users/Minna/library-api/library-api/library-api/gardener頭像/pig.jpg'),
(122, 'yyy', 'yyy', '$2y$13$xaCy6pPszjbciaQarzsOQe/5Fg2BqWrfsvtji8KDUBDkaJP4m18fK', '離線', 'yyy.jpg', '/Users/Minna/library-api/library-api/library-api/gardener頭像/yyy.jpg'),
(123, 'lay', 'lay', '$2y$13$PrsLpffwBFgWyGCESg47EOt6BUhFR.1VBUijzpos/IV2uM/mrTPVm', '離線', 'lay.jpg', '/Users/Minna/library-api/library-api/library-api/gardener頭像/lay.jpg'),
(124, 'zzz', 'zzz', '$2y$13$oCPztGJPCpb7KVhzNoOhzenRn.U36XsId3sB5Ss7ya0wC2Y8e19.W', '在線', 'zzz.jpg', '/Users/Minna/library-api/library-api/library-api/gardener頭像/zzz.jpg'),
(125, 'ruby', 'ruby', '$2y$13$efvS5Id6oLHa2wDqI9nPOOBWSRhFJ8Vm9IgCjGBMqGd6KBw79gKVK', '離線', 'ruby.jpg', '/Users/Minna/library-api/library-api/library-api/gardener頭像/ruby.jpg'),
(126, 'wow', 'wow', '$2y$13$R4q1GadX8QHq8AkhwYwPS.8yhO4wU2PznJnxXH0pKnXrOtM6yA8hW', '離線', 'wow.jpg', '/Users/Minna/library-api/library-api/library-api/gardener頭像/wow.jpg'),
(127, 'tt', 'tt', '$2y$13$LTv.uOMMxPhpApzZpYp8E.V3NP.ezc9hmIQIteu8WPRANAvvHItlS', '離線', 'tt.jpg', '/Users/Minna/library-api/library-api/library-api/gardener頭像/tt.jpg'),
(128, 'ddd', 'ddd', '$2y$13$HLZi6JdnrETAKnO6ECjyQ.Dechn8RWqr9SlzfmgcDJ5FMWOjSIHiC', '離線', 'ddd.jpg', '/Users/Minna/library-api/library-api/library-api/gardener頭像/ddd.jpg'),
(129, 'xxx', 'xxx', '$2y$13$Fw2Pg74rMkbQ7tB/VeHn6.b3klkf4xGTeicxMpccuO1hhAOBjVvOC', '離線', 'xxx.jpg', '/Users/Minna/library-api/library-api/library-api/gardener頭像/xxx.jpg'),
(130, 'mmm', 'mmm', '$2y$13$VYl2QfNkMMAOj5XAv.RM8ewrhP.B.FfDhhALQSseTofD2eM6wLOfy', '離線', 'mmm.jpg', '/Users/Minna/library-api/library-api/library-api/gardener頭像/mmm.jpg'),
(131, 'dd', 'dd', '$2y$13$x/Mzu863ioAhdhEjBso/eOA4MalQw91j1Z1l/nz1tGND8u0aQbOYO', '在線', 'dd.jpg', '/Users/Minna/library-api/library-api/library-api/gardener頭像/dd.jpg'),
(132, 'kkk', 'kkk', '$2y$13$/pDqbADOIJw9G1/Caxaspuf1m/VDR5fyDLkbVdVx/oVSl9r5Wlk4y', '離線', 'kkk.jpg', '/Users/Minna/library-api/library-api/library-api/gardener頭像/kkk.jpg'),
(133, 'ggg', 'ggg', '$2y$13$1eT2CD9tfyyREgoM7cILr.KqlJuQnoBX4Keejdo7Wa.6SxR.PziDi', '離線', 'ggg.jpg', '/Users/Minna/library-api/library-api/library-api/gardener頭像/ggg.jpg'),
(134, '999', '999', '$2y$13$eRyxTpNmOF5YkBPXoazr5OGrGMbro621twBxaVwdk/D0v6rlQEzpe', '離線', '999.jpg', '/Users/Minna/library-api/library-api/library-api/gardener頭像/999.jpg'),
(135, 'bbb', 'bbb', '$2y$13$IC.3E2Kr2amQZNDKyIp7E.cP8ZXcGMw/z29hl1yvA7MFsqgYE1BL.', '離線', 'bbb.jpg', '/Users/Minna/library-api/library-api/library-api/gardener頭像/bbb.jpg'),
(136, 'vvv', 'vvv', '$2y$13$cHnfZip.CvpXWkqubhPOn.RmAPq3VxNLI1TRxnLutcccjiUN6lJHi', '離線', 'vvv.jpg', '/Users/Minna/library-api/library-api/library-api/gardener頭像/vvv.jpg'),
(137, 'sss', 'sss', '$2y$13$GIb.iR03ctTzRqEYKGwxIeWj2EVkxpE9aQ0IKynVdLq9IvQm9gz6K', '離線', 'sss.jpg', '/Users/Minna/library-api/library-api/library-api/gardener頭像/sss.jpg'),
(138, '57', '57', '$2y$13$8Z2IvdY8RhGdYn2nsLWvyOpqrNfob2kfWPJQU5ieVEr/vU7I719Oe', '在線', '57.jpg', '/Users/Minna/library-api/library-api/library-api/gardener頭像/57.jpg'),
(139, 'not3', 'not3', '$2y$13$KjmW1J2ngy2kqX4FZY81POA92w30sWRFr5fgkR4.qcVpT381YBgqK', '離線', 'not3.jpg', '/Users/Minna/library-api/library-api/library-api/gardener頭像/not3.jpg'),
(140, 'Demo', 'Demo', '$2y$13$ooX4Zwk670JjV9jIfmTb6O3x9xGrIFqYf.Uaw/2k7/oJAnqv1ZcQa', '在線', 'Demo.jpg', '/Users/Minna/library-api/library-api/library-api/gardener頭像/Demo.jpg'),
(159, 'mungBeanMilk', 'mungBeanMilk', '$2y$13$nhwWFFj.hbztfJ1jRhHz0.Y4H9GJDAlwDpHUYyGrmWNkMMhAWDTtG', '離線', '20180419145526_59026.jpg', '/Users/Minna/library-api/library-api/library-api/gardener頭像/20180419145526_59026.jpg'),
(160, '0723', '0723', '$2y$13$hYaw8BhsL2DnDhYL6.Bo6.id1zOE0Ar5Wo5B1z.1vFZHqXOmYCOVC', '在線', '0723.jpg', '/Users/Minna/library-api/library-api/library-api/gardener頭像/0723.jpg'),
(161, '1234', '1234', '$2y$13$CrVW5eYk3aM78.bnbPmwGupv5SvOzps4hWRflfYD79e2KY.Nsz0Fm', '在線', '1234.jpg', '/Users/Minna/library-api/library-api/library-api/gardener頭像/1234.jpg'),
(162, '55', '55', '$2y$13$PxCH0YDoCTgLu3epQyB2Lexfv8Qt.MYtn3QiI8l.mu5pLbk6/pxGq', '在線', '55.jpg', '/Users/Minna/library-api/library-api/library-api/gardener頭像/55.jpg'),
(163, '56', '56', '$2y$13$cScKrJHCqyi501DPK.zEkOyCvjY55u4TsCgDqPw1APKO24NMWfQfG', '在線', '56.jpg', '/Users/Minna/library-api/library-api/library-api/gardener頭像/56.jpg'),
(164, '90', '90', '$2y$13$MkO7vcYrMSbbPMNhGeuUx.CORv3fwuW5nh8jIunN6MOTMa0hdc4wC', '離線', '90.jpg', '/Users/Minna/library-api/library-api/library-api/gardener頭像/90.jpg'),
(165, '99', '99', '$2y$13$tX0l5abf770kMBYFcBLj6.gEk2FVJKqGgv/Jbrl5fxMTLDwftgVNG', '在線', '99.jpg', '/Users/Minna/library-api/library-api/library-api/gardener頭像/99.jpg'),
(166, 'jjj', 'jjj', '$2y$13$y5m8zFvu318uFxUEK4/SdeGbJVqB6lyzqu2huGQlQGna6O.o1SOZ.', '在線', 'jjj.jpg', '/Users/Minna/library-api/library-api/library-api/gardener頭像/jjj.jpg'),
(167, '24', '24', '$2y$13$LWuQqizQ0h8sjlKbKb5a5eI.45Gq5W8nH4t3soOsyrj768cfFATlW', '在線', '24.jpg', '/Users/Minna/library-api/library-api/library-api/gardener頭像/24.jpg'),
(168, '86', '86', '$2y$13$8EdQavVxLGs4ibffEm6iYuVR/NFkTJZhXCFbiIbk3Gk5o7IyuUaQ6', '在線', '86.jpg', '/Users/Minna/library-api/library-api/library-api/gardener頭像/86.jpg'),
(169, 'hhh', 'hhh', '$2y$13$QraeGGLoPTfMh4xJhJjYHOTxn2SFK8.SauV/VluxQsKFDWPt2HLO2', '離線', 'hhh.jpg', '/Users/Minna/library-api/library-api/library-api/gardener頭像/hhh.jpg'),
(170, '567', '567', '$2y$13$cOXEBtCsb7xqZTI3k25D7ec0/9U2EcBlJIiBgIRVp26UYsfLzOpOu', '在線', '567.jpg', '/Users/Minna/library-api/library-api/library-api/gardener頭像/567.jpg'),
(171, '85', '85', '$2y$13$A.GMhPbtvQ7oFPb/lf3dcu8nsTKoNBPP.bA6KhVb6i6gYHvN7SmZ.', '在線', '85.jpg', '/Users/Minna/library-api/library-api/library-api/gardener頭像/85.jpg'),
(172, 'demo1', 'demo1', '$2y$13$8oUlIUIVxKJGAhIe7e3ao.qaa8FWciN5LKaFk115Y7eH828u.Nlk6', '在線', 'demo1.jpg', '/Users/Minna/library-api/library-api/library-api/gardener頭像/demo1.jpg'),
(173, 'demo2', 'demo2', '$2y$13$084NLCgBGVWz3slfcXOkp.fddnZoaphS0/IyxWLld8Xzapk/zJ2Me', '離線', 'demo2.jpg', '/Users/Minna/library-api/library-api/library-api/gardener頭像/demo2.jpg'),
(174, 'demo3', 'demo3', '$2y$13$Qzzio3Gv5O4yiQVH6TJsYer0sIKDCtAWJwFwVvp57ewn61XbwZ/nS', '在線', 'demo3.jpg', '/Users/Minna/library-api/library-api/library-api/gardener頭像/demo3.jpg'),
(175, 'demo4', 'demo4', '$2y$13$6GACSDhioabNkYA/ywBzxeSzV.DR37Lmnz1ZV1MWCYtLE9jWyqyH2', '在線', 'demo4.jpg', '/Users/Minna/library-api/library-api/library-api/gardener頭像/demo4.jpg'),
(176, 'demo5', 'demo5', '$2y$13$fmmaxXUdJ5Z3TgUiupbIyerZWXF6YaYPknzLUAF/Sc5GbWCyLvF5K', '在線', 'demo5.jpg', '/Users/Minna/library-api/library-api/library-api/gardener頭像/demo5.jpg'),
(177, 'demo6', 'demo6', '$2y$13$AIcLqR45A5L6qVbTnd8SvuXK0A03LCVCGdTNXUehPT63ZJHo/fAci', '在線', 'demo6.jpg', '/Users/Minna/library-api/library-api/library-api/gardener頭像/demo6.jpg'),
(178, 'demo9', 'demo9', '$2y$13$p2pSIKZa7RHbevuM6TzcmuZGNrlVQmNgD76WkVBdfb3rPQtAHEYgG', '在線', 'demo9.jpg', '/Users/Minna/library-api/library-api/library-api/gardener頭像/demo9.jpg'),
(179, 'demo10', 'demo10', '$2y$13$YucYkxfwSyabBnVrURD6eODFDroezpmeJOBUHZB.igQ/gYrkpKOcG', '在線', 'demo10.jpg', '/Users/Minna/library-api/library-api/library-api/gardener頭像/demo10.jpg'),
(180, 'demo11', 'demo11', '$2y$13$oieZwTrN6/brUFCkrNtg3.3HJ4SO9U6q7bi/a8szsQhkA5YTKpn6.', '在線', 'demo11.jpg', '/Users/Minna/library-api/library-api/library-api/gardener頭像/demo11.jpg'),
(181, 'qaz', 'qaz', '$2y$13$lP2b88zVSG.gMoC86s6oLuVmG73.WTESDV4aNSjpZylPpA8teU566', '在線', 'qaz.jpg', '/Users/Minna/library-api/library-api/library-api/gardener頭像/qaz.jpg'),
(182, 'wsx', 'wsx', '$2y$13$j./jSlw4zQfEzKxuI8vKmOLBYKcA3Y2vDKTeR2PmKg4hLNodWT3l2', '在線', 'wsx.jpg', '/Users/Minna/library-api/library-api/library-api/gardener頭像/wsx.jpg'),
(183, 'qwe', 'qwe', '$2y$13$Uth24J3XVyGXj8up2xRWOeGMuy6/cE56tPU4raNk07n/brzr7CGTm', '離線', 'qwe.jpg', '/Users/Minna/library-api/library-api/library-api/gardener頭像/qwe.jpg'),
(184, 'asd', 'asd', '$2y$13$QmS7OttzD4NkXgh73X1o7ubFG8fVT1BOdLcbP4BpCJ8gIrdTRTwum', '在線', 'asd.jpg', '/Users/Minna/library-api/library-api/library-api/gardener頭像/asd.jpg'),
(185, 'zxc', 'zxc', '$2y$13$SDz.ZMQs9n5Uwbiu/ZtfLeINKXKnCk/.1e0kONUph0FPk0WzzdhuC', '在線', 'zxc.jpg', '/Users/Minna/library-api/library-api/library-api/gardener頭像/zxc.jpg'),
(186, 'aaaaa', 'aaaaa', '$2y$13$lc7ubo84cdfaYB1BrZHc/OTgl6QSXI2GaCvmljyYRDcIAvpFVU6ka', '離線', 'aaaaa.jpg', '/Users/Minna/library-api/library-api/library-api/gardener頭像/aaaaa.jpg'),
(187, 'ssss', 'ssss', '$2y$13$5TvniqrbJ.44tPVu00h6Se06P5a1FVcsvL8b6NbQYDPLFFugUWrrW', '在線', 'ssss.jpg', '/Users/Minna/library-api/library-api/library-api/gardener頭像/ssss.jpg'),
(188, 'dddd', 'dddd', '$2y$13$7xLTbbva85pe5u8DuqxD4O9LdkKw4YNaip6pKUcqvlHtg1vMkqVqW', '在線', 'dddd.jpg', '/Users/Minna/library-api/library-api/library-api/gardener頭像/dddd.jpg'),
(189, 'qqqq', 'qqqq', '$2y$13$NvI88l8TXNwMIEN0hNfOEesu3J51VwXbeIqGx433dS7f69j8XRqo6', '在線', 'qqqq.jpg', '/Users/Minna/library-api/library-api/library-api/gardener頭像/qqqq.jpg'),
(190, 'wwww', 'wwww', '$2y$13$vSccAfe7LYAAJkbYG5ihceyEITGSfO6LD8/SmvpKVCfBZGl.iaIZu', '在線', 'wwww.jpg', '/Users/Minna/library-api/library-api/library-api/gardener頭像/wwww.jpg'),
(191, 'rrrr', 'rrrr', '$2y$13$GpWKKfXa8jcPkD3AFxvGYeSyFtaSRewGrIjCGXerLY3beNpclmN1K', '離線', 'rrrr.jpg', '/Users/Minna/library-api/library-api/library-api/gardener頭像/rrrr.jpg'),
(192, 'b45', 'b45', '$2y$13$9M6UinnXZR8CzevNnvXV..wVZjTVqjLZJORwVKbmLSjMBLL6/vQ6e', '在線', 'b45.jpg', '/Users/Minna/library-api/library-api/library-api/gardener頭像/b45.jpg'),
(193, '10', '1010101010', '$2y$13$5kt5jnE/wggNht1KL9QCGeH7QKSA9f9p1YJvVCRGgpNrWfCU5r8sG', '離線', '玫瑰花(原).png', '/Users/Minna/library-api/library-api/library-api/gardener頭像/玫瑰花(原).png'),
(194, 'a45', 'a45', '$2y$13$HKT4M.wBpJYpElEwNdF5JOjOp5dyd4OTxu8WgG9A0XH6Kts.na4OW', '離線', 'a45.jpg', '/Users/Minna/library-api/library-api/library-api/gardener頭像/a45.jpg'),
(195, 'www', 'www', '$2y$13$3C3/i/TwZYaRdF/4P1bwbOSwUpR9xOIr2kkb5aOZivNnoV8WMARJy', '離線', 'www.jpg', '/Users/Minna/library-api/library-api/library-api/gardener頭像/www.jpg');

-- --------------------------------------------------------

--
-- 資料表結構 `gardener_of_leaf`
--

CREATE TABLE `gardener_of_leaf` (
  `gardener_of_leaf_id` int(100) NOT NULL,
  `leaf_id` varchar(50) NOT NULL,
  `gardener_id` int(20) NOT NULL,
  `gardener_file_name` varchar(100) DEFAULT NULL,
  `gardener_file_path` varchar(200) DEFAULT NULL
) ENGINE=InnoDB DEFAULT CHARSET=utf8mb4 COLLATE=utf8mb4_general_ci;

--
-- 傾印資料表的資料 `gardener_of_leaf`
--

INSERT INTO `gardener_of_leaf` (`gardener_of_leaf_id`, `leaf_id`, `gardener_id`, `gardener_file_name`, `gardener_file_path`) VALUES
(353, 'b6e7b5703b3811ee9092f53437514dfd', 108, NULL, NULL),
(354, '823f7f203b3c11ee8fde83b24e1cd630', 108, NULL, NULL),
(355, '6b735b303b3d11ee90cba7667d54b7f2', 108, NULL, NULL),
(356, '6b735b303b3d11ee90cba7667d54b7f2', 113, NULL, NULL),
(357, '2f5efac03b4511ee8fde83b24e1cd630', 108, '2f5efac03b4511ee8fde83b24e1cd630_12345.pptx', '/Users/Minna/library-api/library-api/library-api/gardener_of_leaf_ppt/2f5efac03b4511ee8fde83b24e1cd630_12345.pptx'),
(358, '2f5efac03b4511ee8fde83b24e1cd630', 113, NULL, NULL),
(359, '773eb8603b4711ee90cba7667d54b7f2', 113, NULL, NULL),
(360, '773eb8603b4711ee90cba7667d54b7f2', 108, NULL, NULL),
(361, '2f5efac03b4511ee8fde83b24e1cd630', 114, '2f5efac03b4511ee8fde83b24e1cd630_45.pptx', '/Users/Minna/library-api/library-api/library-api/gardener_of_leaf_ppt/2f5efac03b4511ee8fde83b24e1cd630_45.pptx'),
(362, '2f5efac03b4511ee8fde83b24e1cd630', 98, '2f5efac03b4511ee8fde83b24e1cd630_B0929045.pptx', '/Users/Minna/library-api/library-api/library-api/gardener_of_leaf_ppt/2f5efac03b4511ee8fde83b24e1cd630_B0929045.pptx'),
(363, '210a3ab03bd711ee8fde83b24e1cd630', 108, NULL, NULL),
(364, '210a3ab03bd711ee8fde83b24e1cd630', 116, NULL, NULL),
(367, '6135e2003bd811ee9092f53437514dfd', 116, NULL, NULL),
(368, '6135e2003bd811ee9092f53437514dfd', 108, NULL, NULL),
(370, '885603103be211ee8fde83b24e1cd630', 116, NULL, NULL),
(371, '885603103be211ee8fde83b24e1cd630', 108, NULL, NULL),
(372, 'ac1cfd203be311ee8fde83b24e1cd630', 108, NULL, NULL),
(373, '59526b603be411ee8fde83b24e1cd630', 108, NULL, NULL),
(374, '81b90fd03be611ee928e6554980fdf2f', 108, NULL, NULL),
(375, '9af490a03be611ee9092f53437514dfd', 108, NULL, NULL),
(376, '1749ad603be811ee8fde83b24e1cd630', 108, '1749ad603be811ee8fde83b24e1cd630_12345.pptx', '/Users/Minna/library-api/library-api/library-api/gardener_of_leaf_ppt/1749ad603be811ee8fde83b24e1cd630_12345.pptx'),
(377, '2e9643903bf511ee8fde83b24e1cd630', 108, '2e9643903bf511ee8fde83b24e1cd630_12345.pptx', '/Users/Minna/library-api/library-api/library-api/gardener_of_leaf_ppt/2e9643903bf511ee8fde83b24e1cd630_12345.pptx'),
(378, '2e9643903bf511ee8fde83b24e1cd630', 116, '2e9643903bf511ee8fde83b24e1cd630_123.pptx', '/Users/Minna/library-api/library-api/library-api/gardener_of_leaf_ppt/2e9643903bf511ee8fde83b24e1cd630_123.pptx'),
(379, 'ce6843f03bf511ee9092f53437514dfd', 116, NULL, NULL),
(381, '9dfe65803bf711ee9092f53437514dfd', 108, NULL, NULL),
(383, '5e5f66703bf911ee9092f53437514dfd', 116, NULL, NULL),
(384, '7a8599303bfb11ee928e6554980fdf2f', 108, NULL, NULL),
(385, 'ea8cfcd03c0711ee928e6554980fdf2f', 108, NULL, NULL),
(386, '819f0a403c0911ee90cba7667d54b7f2', 108, NULL, NULL),
(387, '5e5f66703bf911ee9092f53437514dfd', 108, NULL, NULL),
(400, 'f5e42a403ca711ee8fde83b24e1cd630', 116, NULL, NULL),
(406, 'f5e42a403ca711ee8fde83b24e1cd630', 108, NULL, NULL),
(410, '2e1e41703cc611ee8fde83b24e1cd630', 108, NULL, NULL),
(413, '532259f03cc811ee928e6554980fdf2f', 116, NULL, NULL),
(414, '971eadc03cc811ee9092f53437514dfd', 108, NULL, NULL),
(415, '532259f03cc811ee928e6554980fdf2f', 108, NULL, NULL),
(416, 'a3643da03cca11ee8fde83b24e1cd630', 116, NULL, NULL),
(417, 'b602ef103cca11ee8fde83b24e1cd630', 108, NULL, NULL),
(418, 'e82c94003cca11ee9092f53437514dfd', 108, NULL, NULL),
(422, '44d17dd03cd311ee8fde83b24e1cd630', 108, NULL, NULL),
(426, '2f5efac03b4511ee8fde83b24e1cd630', 83, '2f5efac03b4511ee8fde83b24e1cd630_minna.pptx', '/Users/Minna/library-api/library-api/library-api/gardener_of_leaf_ppt/2f5efac03b4511ee8fde83b24e1cd630_minna.pptx'),
(427, '2f5efac03b4511ee8fde83b24e1cd630', 120, '2f5efac03b4511ee8fde83b24e1cd630_888.pptx', '/Users/Minna/library-api/library-api/library-api/gardener_of_leaf_ppt/2f5efac03b4511ee8fde83b24e1cd630_888.pptx'),
(428, '2f5efac03b4511ee8fde83b24e1cd630', 118, '2f5efac03b4511ee8fde83b24e1cd630_23.pptx', '/Users/Minna/library-api/library-api/library-api/gardener_of_leaf_ppt/2f5efac03b4511ee8fde83b24e1cd630_23.pptx'),
(429, '2f5efac03b4511ee8fde83b24e1cd630', 55, '2f5efac03b4511ee8fde83b24e1cd630_TEST.pptx', '/Users/Minna/library-api/library-api/library-api/gardener_of_leaf_ppt/2f5efac03b4511ee8fde83b24e1cd630_TEST.pptx'),
(430, '2f5efac03b4511ee8fde83b24e1cd630', 116, '2f5efac03b4511ee8fde83b24e1cd630_123.pptx', '/Users/Minna/library-api/library-api/library-api/gardener_of_leaf_ppt/2f5efac03b4511ee8fde83b24e1cd630_123.pptx'),
(431, '2f5efac03b4511ee8fde83b24e1cd630', 121, '2f5efac03b4511ee8fde83b24e1cd630_pig.pptx', '/Users/Minna/library-api/library-api/library-api/gardener_of_leaf_ppt/2f5efac03b4511ee8fde83b24e1cd630_pig.pptx'),
(432, '2f5efac03b4511ee8fde83b24e1cd630', 122, '2f5efac03b4511ee8fde83b24e1cd630_yyy.pptx', '/Users/Minna/library-api/library-api/library-api/gardener_of_leaf_ppt/2f5efac03b4511ee8fde83b24e1cd630_yyy.pptx'),
(433, '2f5efac03b4511ee8fde83b24e1cd630', 123, '2f5efac03b4511ee8fde83b24e1cd630_lay.pptx', '/Users/Minna/library-api/library-api/library-api/gardener_of_leaf_ppt/2f5efac03b4511ee8fde83b24e1cd630_lay.pptx'),
(434, '2f5efac03b4511ee8fde83b24e1cd630', 124, '2f5efac03b4511ee8fde83b24e1cd630_zzz.pptx', '/Users/Minna/library-api/library-api/library-api/gardener_of_leaf_ppt/2f5efac03b4511ee8fde83b24e1cd630_zzz.pptx'),
(435, '2f5efac03b4511ee8fde83b24e1cd630', 125, '2f5efac03b4511ee8fde83b24e1cd630_ruby.pptx', '/Users/Minna/library-api/library-api/library-api/gardener_of_leaf_ppt/2f5efac03b4511ee8fde83b24e1cd630_ruby.pptx'),
(436, '2f5efac03b4511ee8fde83b24e1cd630', 126, '2f5efac03b4511ee8fde83b24e1cd630_wow.pptx', '/Users/Minna/library-api/library-api/library-api/gardener_of_leaf_ppt/2f5efac03b4511ee8fde83b24e1cd630_wow.pptx'),
(437, '2f5efac03b4511ee8fde83b24e1cd630', 127, '2f5efac03b4511ee8fde83b24e1cd630_tt.pptx', '/Users/Minna/library-api/library-api/library-api/gardener_of_leaf_ppt/2f5efac03b4511ee8fde83b24e1cd630_tt.pptx'),
(438, '2f5efac03b4511ee8fde83b24e1cd630', 128, '2f5efac03b4511ee8fde83b24e1cd630_ddd.pptx', '/Users/Minna/library-api/library-api/library-api/gardener_of_leaf_ppt/2f5efac03b4511ee8fde83b24e1cd630_ddd.pptx'),
(439, '2f5efac03b4511ee8fde83b24e1cd630', 129, '2f5efac03b4511ee8fde83b24e1cd630_xxx.pptx', '/Users/Minna/library-api/library-api/library-api/gardener_of_leaf_ppt/2f5efac03b4511ee8fde83b24e1cd630_xxx.pptx'),
(440, '2f5efac03b4511ee8fde83b24e1cd630', 130, '2f5efac03b4511ee8fde83b24e1cd630_mmm.pptx', '/Users/Minna/library-api/library-api/library-api/gardener_of_leaf_ppt/2f5efac03b4511ee8fde83b24e1cd630_mmm.pptx'),
(441, '2f5efac03b4511ee8fde83b24e1cd630', 131, '2f5efac03b4511ee8fde83b24e1cd630_dd.pptx', '/Users/Minna/library-api/library-api/library-api/gardener_of_leaf_ppt/2f5efac03b4511ee8fde83b24e1cd630_dd.pptx'),
(442, '2f5efac03b4511ee8fde83b24e1cd630', 132, '2f5efac03b4511ee8fde83b24e1cd630_kkk.pptx', '/Users/Minna/library-api/library-api/library-api/gardener_of_leaf_ppt/2f5efac03b4511ee8fde83b24e1cd630_kkk.pptx'),
(443, '2f5efac03b4511ee8fde83b24e1cd630', 133, '2f5efac03b4511ee8fde83b24e1cd630_ggg.pptx', '/Users/Minna/library-api/library-api/library-api/gardener_of_leaf_ppt/2f5efac03b4511ee8fde83b24e1cd630_ggg.pptx'),
(444, '2f5efac03b4511ee8fde83b24e1cd630', 134, '2f5efac03b4511ee8fde83b24e1cd630_999.pptx', '/Users/Minna/library-api/library-api/library-api/gardener_of_leaf_ppt/2f5efac03b4511ee8fde83b24e1cd630_999.pptx'),
(445, '2f5efac03b4511ee8fde83b24e1cd630', 135, '2f5efac03b4511ee8fde83b24e1cd630_bbb.pptx', '/Users/Minna/library-api/library-api/library-api/gardener_of_leaf_ppt/2f5efac03b4511ee8fde83b24e1cd630_bbb.pptx'),
(447, 'ffad9be03ff111ee9092f53437514dfd', 108, NULL, NULL),
(448, '2f5efac03b4511ee8fde83b24e1cd630', 137, '2f5efac03b4511ee8fde83b24e1cd630_sss.pptx', '/Users/Minna/library-api/library-api/library-api/gardener_of_leaf_ppt/2f5efac03b4511ee8fde83b24e1cd630_sss.pptx'),
(451, '39b685c040b711ee90cba7667d54b7f2', 116, NULL, NULL),
(477, 'ccc79ff0415e11ee928e6554980fdf2f', 116, NULL, NULL),
(482, '1749ad603be811ee8fde83b24e1cd630', 116, NULL, NULL),
(490, 'f17ba530417711ee90cba7667d54b7f2', 140, 'f17ba530417711ee90cba7667d54b7f2_Demo.pptx', '/Users/Minna/library-api/library-api/library-api/gardener_of_leaf_ppt/f17ba530417711ee90cba7667d54b7f2_Demo.pptx'),
(491, 'd1880800417b11ee9092f53437514dfd', 140, NULL, NULL),
(505, 'd1c943d0418811ee9092f53437514dfd', 139, NULL, NULL),
(535, 'a6e52e6041a911ee928e6554980fdf2f', 114, NULL, NULL),
(546, 'aa950c00422211ee928e6554980fdf2f', 114, 'aa950c00422211ee928e6554980fdf2f_45.pptx', '/Users/Minna/library-api/library-api/library-api/gardener_of_leaf_ppt/aa950c00422211ee928e6554980fdf2f_45.pptx'),
(549, 'd94b7bd0422511ee8fde83b24e1cd630', 114, 'd94b7bd0422511ee8fde83b24e1cd630_45.pptx', '/Users/Minna/library-api/library-api/library-api/gardener_of_leaf_ppt/d94b7bd0422511ee8fde83b24e1cd630_45.pptx'),
(554, 'd94b7bd0422511ee8fde83b24e1cd630', 139, 'd94b7bd0422511ee8fde83b24e1cd630_not3.pptx', '/Users/Minna/library-api/library-api/library-api/gardener_of_leaf_ppt/d94b7bd0422511ee8fde83b24e1cd630_not3.pptx'),
(555, 'bfac3150423f11ee90cba7667d54b7f2', 114, 'bfac3150423f11ee90cba7667d54b7f2_45.pptx', '/Users/Minna/library-api/library-api/library-api/gardener_of_leaf_ppt/bfac3150423f11ee90cba7667d54b7f2_45.pptx'),
(556, 'bfac3150423f11ee90cba7667d54b7f2', 139, 'bfac3150423f11ee90cba7667d54b7f2_not3.pptx', '/Users/Minna/library-api/library-api/library-api/gardener_of_leaf_ppt/bfac3150423f11ee90cba7667d54b7f2_not3.pptx'),
(558, 'bfac3150423f11ee90cba7667d54b7f2', 140, 'bfac3150423f11ee90cba7667d54b7f2_Demo.pptx', '/Users/Minna/library-api/library-api/library-api/gardener_of_leaf_ppt/bfac3150423f11ee90cba7667d54b7f2_Demo.pptx'),
(565, 'bfac3150423f11ee90cba7667d54b7f2', 83, 'bfac3150423f11ee90cba7667d54b7f2_minna.pptx', '/Users/Minna/library-api/library-api/library-api/gardener_of_leaf_ppt/bfac3150423f11ee90cba7667d54b7f2_minna.pptx'),
(566, 'a678be70424d11ee928e6554980fdf2f', 83, 'a678be70424d11ee928e6554980fdf2f_minna.pptx', '/Users/Minna/library-api/library-api/library-api/gardener_of_leaf_ppt/a678be70424d11ee928e6554980fdf2f_minna.pptx'),
(575, 'e2a2bd30425a11ee8fde83b24e1cd630', 165, 'e2a2bd30425a11ee8fde83b24e1cd630_99.pptx', '/Users/Minna/library-api/library-api/library-api/gardener_of_leaf_ppt/e2a2bd30425a11ee8fde83b24e1cd630_99.pptx'),
(582, '63b435d042e611ee9092f53437514dfd', 166, '63b435d042e611ee9092f53437514dfd_jjj.pptx', '/Users/Minna/library-api/library-api/library-api/gardener_of_leaf_ppt/63b435d042e611ee9092f53437514dfd_jjj.pptx'),
(583, '7e248d2042e611ee90cba7667d54b7f2', 166, '7e248d2042e611ee90cba7667d54b7f2_jjj.pptx', '/Users/Minna/library-api/library-api/library-api/gardener_of_leaf_ppt/7e248d2042e611ee90cba7667d54b7f2_jjj.pptx'),
(584, '9262218042e611ee90cba7667d54b7f2', 166, '9262218042e611ee90cba7667d54b7f2_jjj.pptx', '/Users/Minna/library-api/library-api/library-api/gardener_of_leaf_ppt/9262218042e611ee90cba7667d54b7f2_jjj.pptx'),
(592, 'a2534020454c11ee9092f53437514dfd', 171, 'a2534020454c11ee9092f53437514dfd_85.pptx', '/Users/Minna/library-api/library-api/library-api/gardener_of_leaf_ppt/a2534020454c11ee9092f53437514dfd_85.pptx'),
(595, 'f1624920454e11ee9092f53437514dfd', 98, 'f1624920454e11ee9092f53437514dfd_B0929045.pptx', '/Users/Minna/library-api/library-api/library-api/gardener_of_leaf_ppt/f1624920454e11ee9092f53437514dfd_B0929045.pptx'),
(596, 'ff5329f0454e11ee8fde83b24e1cd630', 98, 'ff5329f0454e11ee8fde83b24e1cd630_B0929045.pptx', '/Users/Minna/library-api/library-api/library-api/gardener_of_leaf_ppt/ff5329f0454e11ee8fde83b24e1cd630_B0929045.pptx'),
(597, '0f2eead0454f11ee90cba7667d54b7f2', 98, '0f2eead0454f11ee90cba7667d54b7f2_B0929045.pptx', '/Users/Minna/library-api/library-api/library-api/gardener_of_leaf_ppt/0f2eead0454f11ee90cba7667d54b7f2_B0929045.pptx'),
(601, '55875d004d2411ee9092f53437514dfd', 174, '55875d004d2411ee9092f53437514dfd_demo3.pptx', '/Users/Minna/library-api/library-api/library-api/gardener_of_leaf_ppt/55875d004d2411ee9092f53437514dfd_demo3.pptx'),
(602, '6c0cbe804d2411ee8fde83b24e1cd630', 174, '6c0cbe804d2411ee8fde83b24e1cd630_demo3.pptx', '/Users/Minna/library-api/library-api/library-api/gardener_of_leaf_ppt/6c0cbe804d2411ee8fde83b24e1cd630_demo3.pptx'),
(603, '7f115db04d2411ee928e6554980fdf2f', 174, '7f115db04d2411ee928e6554980fdf2f_demo3.pptx', '/Users/Minna/library-api/library-api/library-api/gardener_of_leaf_ppt/7f115db04d2411ee928e6554980fdf2f_demo3.pptx'),
(606, '69fc04f04d3a11ee8fde83b24e1cd630', 174, '69fc04f04d3a11ee8fde83b24e1cd630_demo3.pptx', '/Users/Minna/library-api/library-api/library-api/gardener_of_leaf_ppt/69fc04f04d3a11ee8fde83b24e1cd630_demo3.pptx'),
(607, '91115c204d3a11ee928e6554980fdf2f', 174, '91115c204d3a11ee928e6554980fdf2f_demo3.pptx', '/Users/Minna/library-api/library-api/library-api/gardener_of_leaf_ppt/91115c204d3a11ee928e6554980fdf2f_demo3.pptx'),
(608, 'f2765fb04d3a11ee8fde83b24e1cd630', 174, 'f2765fb04d3a11ee8fde83b24e1cd630_demo3.pptx', '/Users/Minna/library-api/library-api/library-api/gardener_of_leaf_ppt/f2765fb04d3a11ee8fde83b24e1cd630_demo3.pptx'),
(609, '8c7067504d3b11ee928e6554980fdf2f', 174, '8c7067504d3b11ee928e6554980fdf2f_demo3.pptx', '/Users/Minna/library-api/library-api/library-api/gardener_of_leaf_ppt/8c7067504d3b11ee928e6554980fdf2f_demo3.pptx'),
(616, '98852dc04d3e11ee9092f53437514dfd', 177, '98852dc04d3e11ee9092f53437514dfd_demo6.pptx', '/Users/Minna/library-api/library-api/library-api/gardener_of_leaf_ppt/98852dc04d3e11ee9092f53437514dfd_demo6.pptx'),
(619, '093d1db04d4011ee90cba7667d54b7f2', 177, '093d1db04d4011ee90cba7667d54b7f2_demo6.pptx', '/Users/Minna/library-api/library-api/library-api/gardener_of_leaf_ppt/093d1db04d4011ee90cba7667d54b7f2_demo6.pptx'),
(625, 'e47a5a504d4511ee9092f53437514dfd', 177, 'e47a5a504d4511ee9092f53437514dfd_demo6.pptx', '/Users/Minna/library-api/library-api/library-api/gardener_of_leaf_ppt/e47a5a504d4511ee9092f53437514dfd_demo6.pptx'),
(628, 'e378b6e04d4711ee9092f53437514dfd', 180, 'e378b6e04d4711ee9092f53437514dfd_demo11.pptx', '/Users/Minna/library-api/library-api/library-api/gardener_of_leaf_ppt/e378b6e04d4711ee9092f53437514dfd_demo11.pptx'),
(630, '927d18c04d4811ee8fde83b24e1cd630', 181, '927d18c04d4811ee8fde83b24e1cd630_qaz.pptx', '/Users/Minna/library-api/library-api/library-api/gardener_of_leaf_ppt/927d18c04d4811ee8fde83b24e1cd630_qaz.pptx'),
(631, 'd1fd3dd04d4911ee8fde83b24e1cd630', 177, 'd1fd3dd04d4911ee8fde83b24e1cd630_demo6.pptx', '/Users/Minna/library-api/library-api/library-api/gardener_of_leaf_ppt/d1fd3dd04d4911ee8fde83b24e1cd630_demo6.pptx'),
(638, '442be7e04d4e11ee9092f53437514dfd', 182, '442be7e04d4e11ee9092f53437514dfd_wsx.pptx', '/Users/Minna/library-api/library-api/library-api/gardener_of_leaf_ppt/442be7e04d4e11ee9092f53437514dfd_wsx.pptx'),
(640, '8e193ab04d4e11ee9092f53437514dfd', 182, '8e193ab04d4e11ee9092f53437514dfd_wsx.pptx', '/Users/Minna/library-api/library-api/library-api/gardener_of_leaf_ppt/8e193ab04d4e11ee9092f53437514dfd_wsx.pptx'),
(642, '30558ee04d5011ee90cba7667d54b7f2', 182, '30558ee04d5011ee90cba7667d54b7f2_wsx.pptx', '/Users/Minna/library-api/library-api/library-api/gardener_of_leaf_ppt/30558ee04d5011ee90cba7667d54b7f2_wsx.pptx'),
(644, '614072404d5011ee90cba7667d54b7f2', 182, '614072404d5011ee90cba7667d54b7f2_wsx.pptx', '/Users/Minna/library-api/library-api/library-api/gardener_of_leaf_ppt/614072404d5011ee90cba7667d54b7f2_wsx.pptx'),
(646, 'baaa9d104d5011ee9092f53437514dfd', 182, 'baaa9d104d5011ee9092f53437514dfd_wsx.pptx', '/Users/Minna/library-api/library-api/library-api/gardener_of_leaf_ppt/baaa9d104d5011ee9092f53437514dfd_wsx.pptx'),
(648, 'ec637ed04d5011ee928e6554980fdf2f', 182, 'ec637ed04d5011ee928e6554980fdf2f_wsx.pptx', '/Users/Minna/library-api/library-api/library-api/gardener_of_leaf_ppt/ec637ed04d5011ee928e6554980fdf2f_wsx.pptx'),
(650, '3cca61904d5111ee90cba7667d54b7f2', 182, '3cca61904d5111ee90cba7667d54b7f2_wsx.pptx', '/Users/Minna/library-api/library-api/library-api/gardener_of_leaf_ppt/3cca61904d5111ee90cba7667d54b7f2_wsx.pptx'),
(654, 'b674ed304d5111ee928e6554980fdf2f', 182, 'b674ed304d5111ee928e6554980fdf2f_wsx.pptx', '/Users/Minna/library-api/library-api/library-api/gardener_of_leaf_ppt/b674ed304d5111ee928e6554980fdf2f_wsx.pptx'),
(655, 'cfc751604d5111ee8fde83b24e1cd630', 182, 'cfc751604d5111ee8fde83b24e1cd630_wsx.pptx', '/Users/Minna/library-api/library-api/library-api/gardener_of_leaf_ppt/cfc751604d5111ee8fde83b24e1cd630_wsx.pptx'),
(657, 'f0f3e6f04d5111ee928e6554980fdf2f', 182, 'f0f3e6f04d5111ee928e6554980fdf2f_wsx.pptx', '/Users/Minna/library-api/library-api/library-api/gardener_of_leaf_ppt/f0f3e6f04d5111ee928e6554980fdf2f_wsx.pptx'),
(658, '07fc5b204d5211ee928e6554980fdf2f', 182, '07fc5b204d5211ee928e6554980fdf2f_wsx.pptx', '/Users/Minna/library-api/library-api/library-api/gardener_of_leaf_ppt/07fc5b204d5211ee928e6554980fdf2f_wsx.pptx'),
(662, '99a1f8504d5211ee8fde83b24e1cd630', 182, '99a1f8504d5211ee8fde83b24e1cd630_wsx.pptx', '/Users/Minna/library-api/library-api/library-api/gardener_of_leaf_ppt/99a1f8504d5211ee8fde83b24e1cd630_wsx.pptx'),
(666, '9976d4304d5311ee90cba7667d54b7f2', 182, '9976d4304d5311ee90cba7667d54b7f2_wsx.pptx', '/Users/Minna/library-api/library-api/library-api/gardener_of_leaf_ppt/9976d4304d5311ee90cba7667d54b7f2_wsx.pptx'),
(677, '7aafd0204d5711ee9092f53437514dfd', 183, '7aafd0204d5711ee9092f53437514dfd_qwe.pptx', '/Users/Minna/library-api/library-api/library-api/gardener_of_leaf_ppt/7aafd0204d5711ee9092f53437514dfd_qwe.pptx'),
(735, 'c3814c7061c011ee90cba7667d54b7f2', 108, 'c3814c7061c011ee90cba7667d54b7f2_12345.pptx', '/Users/Minna/library-api/library-api/library-api/gardener_of_leaf_ppt/c3814c7061c011ee90cba7667d54b7f2_12345.pptx'),
(737, '61c55ce0634d11ee8fde83b24e1cd630', 192, '61c55ce0634d11ee8fde83b24e1cd630_b45.pptx', '/Users/Minna/library-api/library-api/library-api/gardener_of_leaf_ppt/61c55ce0634d11ee8fde83b24e1cd630_b45.pptx'),
(738, '63f02c20634d11ee9092f53437514dfd', 192, '63f02c20634d11ee9092f53437514dfd_b45.pptx', '/Users/Minna/library-api/library-api/library-api/gardener_of_leaf_ppt/63f02c20634d11ee9092f53437514dfd_b45.pptx'),
(744, '1e213d60635c11ee9092f53437514dfd', 192, '1e213d60635c11ee9092f53437514dfd_b45.pptx', '/Users/Minna/library-api/library-api/library-api/gardener_of_leaf_ppt/1e213d60635c11ee9092f53437514dfd_b45.pptx'),
(746, '9559dc20699211ee9092f53437514dfd', 114, '9559dc20699211ee9092f53437514dfd_45.pptx', '/Users/Minna/library-api/library-api/library-api/gardener_of_leaf_ppt/9559dc20699211ee9092f53437514dfd_45.pptx'),
(749, '928a1d80699611ee928e6554980fdf2f', 138, '928a1d80699611ee928e6554980fdf2f_57.pptx', '/Users/Minna/library-api/library-api/library-api/gardener_of_leaf_ppt/928a1d80699611ee928e6554980fdf2f_57.pptx'),
(750, '928a1d80699611ee928e6554980fdf2f', 114, '928a1d80699611ee928e6554980fdf2f_45.pptx', '/Users/Minna/library-api/library-api/library-api/gardener_of_leaf_ppt/928a1d80699611ee928e6554980fdf2f_45.pptx'),
(754, '57ff4a706be711ee928e6554980fdf2f', 114, '57ff4a706be711ee928e6554980fdf2f_45.pptx', '/Users/Minna/library-api/library-api/library-api/gardener_of_leaf_ppt/57ff4a706be711ee928e6554980fdf2f_45.pptx'),
(759, 'b147f6606c9e11ee9092f53437514dfd', 55, 'b147f6606c9e11ee9092f53437514dfd_TEST.pptx', '/Users/Minna/library-api/library-api/library-api/gardener_of_leaf_ppt/b147f6606c9e11ee9092f53437514dfd_TEST.pptx'),
(767, '2e84f7906c9f11ee9092f53437514dfd', 161, '2e84f7906c9f11ee9092f53437514dfd_1234.pptx', '/Users/Minna/library-api/library-api/library-api/gardener_of_leaf_ppt/2e84f7906c9f11ee9092f53437514dfd_1234.pptx'),
(776, 'cd99aa106fce11ee9092f53437514dfd', 114, 'cd99aa106fce11ee9092f53437514dfd_45.pptx', '/Users/Minna/library-api/library-api/library-api/gardener_of_leaf_ppt/cd99aa106fce11ee9092f53437514dfd_45.pptx'),
(779, '59a6a3c0733811ee928e6554980fdf2f', 138, '59a6a3c0733811ee928e6554980fdf2f_57.pptx', '/Users/Minna/library-api/library-api/library-api/gardener_of_leaf_ppt/59a6a3c0733811ee928e6554980fdf2f_57.pptx'),
(780, '59a6a3c0733811ee928e6554980fdf2f', 114, '59a6a3c0733811ee928e6554980fdf2f_45.pptx', '/Users/Minna/library-api/library-api/library-api/gardener_of_leaf_ppt/59a6a3c0733811ee928e6554980fdf2f_45.pptx'),
(789, 'b36e6300788a11ee90cba7667d54b7f2', 192, 'b36e6300788a11ee90cba7667d54b7f2_b45.pptx', '/Users/Minna/library-api/library-api/library-api/gardener_of_leaf_ppt/b36e6300788a11ee90cba7667d54b7f2_b45.pptx'),
(798, '0a77794078c011ee8fde83b24e1cd630', 138, '0a77794078c011ee8fde83b24e1cd630_57.pptx', '/Users/Minna/library-api/library-api/library-api/gardener_of_leaf_ppt/0a77794078c011ee8fde83b24e1cd630_57.pptx'),
(801, '034e174079f211ee928e6554980fdf2f', 192, '034e174079f211ee928e6554980fdf2f_b45.pptx', '/Users/Minna/library-api/library-api/library-api/gardener_of_leaf_ppt/034e174079f211ee928e6554980fdf2f_b45.pptx'),
(805, 'c917ad5079f311ee9092f53437514dfd', 161, 'c917ad5079f311ee9092f53437514dfd_1234.pptx', '/Users/Minna/library-api/library-api/library-api/gardener_of_leaf_ppt/c917ad5079f311ee9092f53437514dfd_1234.pptx'),
(810, '06bd48f07a9811ee90cba7667d54b7f2', 108, '06bd48f07a9811ee90cba7667d54b7f2_12345.pptx', '/Users/Minna/library-api/library-api/library-api/gardener_of_leaf_ppt/06bd48f07a9811ee90cba7667d54b7f2_12345.pptx'),
(816, '06bd48f07a9811ee90cba7667d54b7f2', 192, '06bd48f07a9811ee90cba7667d54b7f2_b45.pptx', '/Users/Minna/library-api/library-api/library-api/gardener_of_leaf_ppt/06bd48f07a9811ee90cba7667d54b7f2_b45.pptx'),
(817, '06bd48f07a9811ee90cba7667d54b7f2', 138, '06bd48f07a9811ee90cba7667d54b7f2_57.pptx', '/Users/Minna/library-api/library-api/library-api/gardener_of_leaf_ppt/06bd48f07a9811ee90cba7667d54b7f2_57.pptx'),
(818, '9ec839b07ab711ee8fde83b24e1cd630', 138, '9ec839b07ab711ee8fde83b24e1cd630_57.pptx', '/Users/Minna/library-api/library-api/library-api/gardener_of_leaf_ppt/9ec839b07ab711ee8fde83b24e1cd630_57.pptx'),
(819, '9f860b707ab711ee928e6554980fdf2f', 138, '9f860b707ab711ee928e6554980fdf2f_57.pptx', '/Users/Minna/library-api/library-api/library-api/gardener_of_leaf_ppt/9f860b707ab711ee928e6554980fdf2f_57.pptx'),
(820, 'f22714d07ab911ee90cba7667d54b7f2', 55, 'f22714d07ab911ee90cba7667d54b7f2_TEST.pptx', '/Users/Minna/library-api/library-api/library-api/gardener_of_leaf_ppt/f22714d07ab911ee90cba7667d54b7f2_TEST.pptx'),
(824, 'f22714d07ab911ee90cba7667d54b7f2', 192, 'f22714d07ab911ee90cba7667d54b7f2_b45.pptx', '/Users/Minna/library-api/library-api/library-api/gardener_of_leaf_ppt/f22714d07ab911ee90cba7667d54b7f2_b45.pptx'),
(825, '7900cd007abc11ee9092f53437514dfd', 55, '7900cd007abc11ee9092f53437514dfd_TEST.pptx', '/Users/Minna/library-api/library-api/library-api/gardener_of_leaf_ppt/7900cd007abc11ee9092f53437514dfd_TEST.pptx'),
(839, '7900cd007abc11ee9092f53437514dfd', 138, '7900cd007abc11ee9092f53437514dfd_57.pptx', '/Users/Minna/library-api/library-api/library-api/gardener_of_leaf_ppt/7900cd007abc11ee9092f53437514dfd_57.pptx'),
(844, '7900cd007abc11ee9092f53437514dfd', 192, '7900cd007abc11ee9092f53437514dfd_b45.pptx', '/Users/Minna/library-api/library-api/library-api/gardener_of_leaf_ppt/7900cd007abc11ee9092f53437514dfd_b45.pptx'),
(850, 'b918e4208e7811ee80fd5f5162af8a5d', 55, 'b918e4208e7811ee80fd5f5162af8a5d_TEST.pptx', '/Users/Minna/library-api/library-api/library-api/gardener_of_leaf_ppt/b918e4208e7811ee80fd5f5162af8a5d_TEST.pptx'),
(851, '082ae5408e7911ee8a08fff08ed267a3', 55, '082ae5408e7911ee8a08fff08ed267a3_TEST.pptx', '/Users/Minna/library-api/library-api/library-api/gardener_of_leaf_ppt/082ae5408e7911ee8a08fff08ed267a3_TEST.pptx'),
(872, 'e0dccee0926a11ee8833e70a453f9def', 138, 'e0dccee0926a11ee8833e70a453f9def_57.pptx', '/Users/Minna/library-api/library-api/library-api/gardener_of_leaf_ppt/e0dccee0926a11ee8833e70a453f9def_57.pptx'),
(873, 'e19410f0926a11ee8a08fff08ed267a3', 138, 'e19410f0926a11ee8a08fff08ed267a3_57.pptx', '/Users/Minna/library-api/library-api/library-api/gardener_of_leaf_ppt/e19410f0926a11ee8a08fff08ed267a3_57.pptx'),
(877, 'd67705d0930811ee8833e70a453f9def', 55, 'd67705d0930811ee8833e70a453f9def_TEST.pptx', '/Users/Minna/library-api/library-api/library-api/gardener_of_leaf_ppt/d67705d0930811ee8833e70a453f9def_TEST.pptx'),
(941, 'e5138310a0b511eeb62adde695452dc9', 138, 'e5138310a0b511eeb62adde695452dc9_57.pptx', '/Users/Minna/library-api/library-api/library-api/gardener_of_leaf_ppt/e5138310a0b511eeb62adde695452dc9_57.pptx'),
(943, 'e183dd70a4b711eeb2a475749d10cb14', 114, 'e183dd70a4b711eeb2a475749d10cb14_45.pptx', '/Users/Minna/library-api/library-api/library-api/gardener_of_leaf_ppt/e183dd70a4b711eeb2a475749d10cb14_45.pptx'),
(946, 'aaf11c90a4b811eeb003471e91dcbfc5', 138, 'aaf11c90a4b811eeb003471e91dcbfc5_57.pptx', '/Users/Minna/library-api/library-api/library-api/gardener_of_leaf_ppt/aaf11c90a4b811eeb003471e91dcbfc5_57.pptx'),
(947, 'aaf11c90a4b811eeb003471e91dcbfc5', 108, 'aaf11c90a4b811eeb003471e91dcbfc5_12345.pptx', '/Users/Minna/library-api/library-api/library-api/gardener_of_leaf_ppt/aaf11c90a4b811eeb003471e91dcbfc5_12345.pptx');

-- --------------------------------------------------------

--
-- 資料表結構 `leaf`
--

CREATE TABLE `leaf` (
  `uuid` varchar(50) NOT NULL COMMENT '原leaf_id（房間帳號）',
  `leaf_name` varchar(30) NOT NULL,
  `founder_id` int(20) NOT NULL,
  `num_of_people` int(5) NOT NULL,
  `link` varchar(100) NOT NULL,
  `video_file_name` varchar(100) DEFAULT NULL,
  `video_file_path` varchar(200) DEFAULT NULL
) ENGINE=InnoDB DEFAULT CHARSET=utf8mb4 COLLATE=utf8mb4_general_ci;

--
-- 傾印資料表的資料 `leaf`
--

INSERT INTO `leaf` (`uuid`, `leaf_name`, `founder_id`, `num_of_people`, `link`, `video_file_name`, `video_file_path`) VALUES
('034e174079f211ee928e6554980fdf2f', 'jejdhcc', 192, 1, 'NOT3ROOM_9536657874', NULL, NULL),
('06bd48f07a9811ee90cba7667d54b7f2', 'Test1104', 108, 3, 'NOT3ROOM_3606905623', NULL, NULL),
('07fc5b204d5211ee928e6554980fdf2f', '56yjik', 182, 1, 'NOT3ROOM_7800232163', NULL, NULL),
('082ae5408e7911ee8a08fff08ed267a3', '1129test', 55, 1, 'NOT3ROOM_3791286388', NULL, NULL),
('093d1db04d4011ee90cba7667d54b7f2', 'zxcbn', 177, 1, 'NOT3ROOM_6452757570', NULL, NULL),
('0a77794078c011ee8fde83b24e1cd630', '蹦巴啦蹦', 138, 1, 'NOT3ROOM_8838464429', NULL, NULL),
('0f2eead0454f11ee90cba7667d54b7f2', 'x', 98, 1, 'NOT3ROOM_7216585135', NULL, NULL),
('0f898c403caf11ee928e6554980fdf2f', '', 108, 0, 'NOT3ROOM_9307415428', NULL, NULL),
('1749ad603be811ee8fde83b24e1cd630', '', 108, 2, 'NOT3ROOM_7173566767', NULL, NULL),
('1e213d60635c11ee9092f53437514dfd', '20231005last', 192, 1, 'NOT3ROOM_7087304734', NULL, NULL),
('210a3ab03bd711ee8fde83b24e1cd630', '', 108, 2, 'NOT3ROOM_4639627839', NULL, NULL),
('211724603cc611ee90cba7667d54b7f2', '', 108, 0, 'NOT3ROOM_5232047139', NULL, NULL),
('2b8a9d003d7011ee8fde83b24e1cd630', '', 108, 0, 'NOT3ROOM_3122009660', NULL, NULL),
('2e1e41703cc611ee8fde83b24e1cd630', '', 116, 1, 'NOT3ROOM_5421912413', NULL, NULL),
('2e84f7906c9f11ee9092f53437514dfd', 'hjklmn', 116, 1, 'NOT3ROOM_9775158426', NULL, NULL),
('2e9643903bf511ee8fde83b24e1cd630', '', 108, 2, 'NOT3ROOM_5712336963', NULL, NULL),
('2f5efac03b4511ee8fde83b24e1cd630', '', 108, 25, 'NOT3ROOM_3337168989', NULL, NULL),
('30558ee04d5011ee90cba7667d54b7f2', 'awsdfvgb', 182, 1, 'NOT3ROOM_6059856876', NULL, NULL),
('39b685c040b711ee90cba7667d54b7f2', '0820測試', 116, 1, 'NOT3ROOM_2593140326', NULL, NULL),
('3cca61904d5111ee90cba7667d54b7f2', 'qaswdvgnh', 182, 1, 'NOT3ROOM_7833327545', NULL, NULL),
('442be7e04d4e11ee9092f53437514dfd', 'qaswdef5678', 182, 1, 'NOT3ROOM_2648703861', NULL, NULL),
('44d17dd03cd311ee8fde83b24e1cd630', '', 116, 1, 'NOT3ROOM_2931595088', NULL, NULL),
('532259f03cc811ee928e6554980fdf2f', '', 108, 2, 'NOT3ROOM_1442453157', NULL, NULL),
('55875d004d2411ee9092f53437514dfd', 'demo3', 174, 1, 'NOT3ROOM_2000815812', NULL, NULL),
('57ff4a706be711ee928e6554980fdf2f', '測試', 138, 1, 'NOT3ROOM_3983027193', NULL, NULL),
('59526b603be411ee8fde83b24e1cd630', '', 108, 1, 'NOT3ROOM_4681588916', NULL, NULL),
('59a6a3c0733811ee928e6554980fdf2f', 'date1', 138, 2, 'NOT3ROOM_5566838918', NULL, NULL),
('5e5f66703bf911ee9092f53437514dfd', '', 108, 2, 'NOT3ROOM_1331822224', NULL, NULL),
('6135e2003bd811ee9092f53437514dfd', '', 116, 2, 'NOT3ROOM_5471427077', NULL, NULL),
('614072404d5011ee90cba7667d54b7f2', 'qasdcvbnhjmk', 182, 1, 'NOT3ROOM_2079241362', NULL, NULL),
('61c55ce0634d11ee8fde83b24e1cd630', 'asdcfg', 192, 1, 'NOT3ROOM_5248388867', NULL, NULL),
('63b435d042e611ee9092f53437514dfd', 'iii', 166, 1, 'NOT3ROOM_6437956458', NULL, NULL),
('63f02c20634d11ee9092f53437514dfd', 'asdcfg', 192, 1, 'NOT3ROOM_5687542944', NULL, NULL),
('69fc04f04d3a11ee8fde83b24e1cd630', 'demo3', 174, 1, 'NOT3ROOM_1878138996', NULL, NULL),
('6b735b303b3d11ee90cba7667d54b7f2', '', 108, 2, 'NOT3ROOM_3870372576', NULL, NULL),
('6c0cbe804d2411ee8fde83b24e1cd630', 'demo4', 174, 1, 'NOT3ROOM_9962413292', NULL, NULL),
('6c15fb503cd311ee8fde83b24e1cd630', '', 116, 0, 'NOT3ROOM_3306181776', NULL, NULL),
('77077ed03cd311ee8fde83b24e1cd630', '', 108, 0, 'NOT3ROOM_6451678473', NULL, NULL),
('773eb8603b4711ee90cba7667d54b7f2', '', 113, 2, 'NOT3ROOM_3361489225', NULL, NULL),
('7900cd007abc11ee9092f53437514dfd', 'TESTT1104', 55, 3, 'NOT3ROOM_9180239769', NULL, NULL),
('7a8599303bfb11ee928e6554980fdf2f', '', 108, 1, 'NOT3ROOM_3215441195', NULL, NULL),
('7aafd0204d5711ee9092f53437514dfd', '123fgt', 183, 1, 'NOT3ROOM_4957732727', NULL, NULL),
('7e248d2042e611ee90cba7667d54b7f2', 'iii', 166, 1, 'NOT3ROOM_8384288905', NULL, NULL),
('7f115db04d2411ee928e6554980fdf2f', 'demo5', 174, 1, 'NOT3ROOM_7223033177', NULL, NULL),
('819f0a403c0911ee90cba7667d54b7f2', '', 108, 1, 'NOT3ROOM_1508930942', NULL, NULL),
('81b90fd03be611ee928e6554980fdf2f', '', 108, 1, 'NOT3ROOM_1888346798', NULL, NULL),
('823f7f203b3c11ee8fde83b24e1cd630', '', 108, 1, 'NOT3ROOM_1464452785', NULL, NULL),
('885603103be211ee8fde83b24e1cd630', '', 116, 2, 'NOT3ROOM_1555847410', NULL, NULL),
('89ee0e803cae11ee90cba7667d54b7f2', '', 108, 0, 'NOT3ROOM_7054608988', NULL, NULL),
('8c7067504d3b11ee928e6554980fdf2f', '20230907', 174, 1, 'NOT3ROOM_3467675613', NULL, NULL),
('8e193ab04d4e11ee9092f53437514dfd', 'qdfv', 182, 1, 'NOT3ROOM_7789323375', NULL, NULL),
('91115c204d3a11ee928e6554980fdf2f', 'demo9', 174, 1, 'NOT3ROOM_1426762271', NULL, NULL),
('9262218042e611ee90cba7667d54b7f2', 'uuu', 166, 1, 'NOT3ROOM_9644584203', NULL, NULL),
('927d18c04d4811ee8fde83b24e1cd630', 'ikuuhbgtfrvcbjmju', 181, 1, 'NOT3ROOM_1013382302', NULL, NULL),
('928a1d80699611ee928e6554980fdf2f', 'Presenting', 138, 2, 'NOT3ROOM_7376177602', NULL, NULL),
('9559dc20699211ee9092f53437514dfd', '123', 114, 1, 'NOT3ROOM_3435890977', NULL, NULL),
('958e01d03cab11ee9092f53437514dfd', '', 108, 0, 'NOT3ROOM_5637574317', NULL, NULL),
('971eadc03cc811ee9092f53437514dfd', '', 108, 1, 'NOT3ROOM_7317143188', NULL, NULL),
('98852dc04d3e11ee9092f53437514dfd', 'wergty', 177, 1, 'NOT3ROOM_4245320190', NULL, NULL),
('9976d4304d5311ee90cba7667d54b7f2', 'dfvgh8965', 182, 1, 'NOT3ROOM_1183954288', NULL, NULL),
('99a1f8504d5211ee8fde83b24e1cd630', 'tight', 182, 1, 'NOT3ROOM_7559670121', NULL, NULL),
('9af490a03be611ee9092f53437514dfd', '', 108, 1, 'NOT3ROOM_4687700357', NULL, NULL),
('9dfe65803bf711ee9092f53437514dfd', '', 108, 1, 'NOT3ROOM_9790330345', NULL, NULL),
('9ec839b07ab711ee8fde83b24e1cd630', 'trst', 138, 1, 'NOT3ROOM_9727781138', NULL, NULL),
('9f860b707ab711ee928e6554980fdf2f', 'testing', 138, 1, 'NOT3ROOM_2885672897', NULL, NULL),
('a23bff603ccc11ee90cba7667d54b7f2', '', 108, 0, 'NOT3ROOM_9489946518', NULL, NULL),
('a2534020454c11ee9092f53437514dfd', '555', 171, 1, 'NOT3ROOM_4246440146', NULL, NULL),
('a3643da03cca11ee8fde83b24e1cd630', '', 116, 1, 'NOT3ROOM_7222804926', NULL, NULL),
('a678be70424d11ee928e6554980fdf2f', 'ttt', 83, 1, 'NOT3ROOM_1303941882', NULL, NULL),
('a6e52e6041a911ee928e6554980fdf2f', 'mmmm', 114, 1, 'NOT3ROOM_2560139416', NULL, NULL),
('aa950c00422211ee928e6554980fdf2f', 'ppp', 114, 1, 'NOT3ROOM_2633918764', NULL, NULL),
('aaf11c90a4b811eeb003471e91dcbfc5', 'testing', 138, 2, 'NOT3ROOM_4602582727', NULL, NULL),
('ac1cfd203be311ee8fde83b24e1cd630', '', 108, 1, 'NOT3ROOM_3306712854', NULL, NULL),
('b147f6606c9e11ee9092f53437514dfd', 'shdjdid', 55, 1, 'NOT3ROOM_1161111779', NULL, NULL),
('b36e6300788a11ee90cba7667d54b7f2', '自由', 192, 1, 'NOT3ROOM_7401802358', NULL, NULL),
('b602ef103cca11ee8fde83b24e1cd630', '', 108, 1, 'NOT3ROOM_7642017640', NULL, NULL),
('b674ed304d5111ee928e6554980fdf2f', 'qawdertf', 182, 1, 'NOT3ROOM_6100769347', NULL, NULL),
('b6e7b5703b3811ee9092f53437514dfd', '', 108, 1, 'NOT3ROOM_1765192264', NULL, NULL),
('b918e4208e7811ee80fd5f5162af8a5d', '1129test', 55, 1, 'NOT3ROOM_8444211496', NULL, NULL),
('baaa9d104d5011ee9092f53437514dfd', 'rfghjnkm', 182, 1, 'NOT3ROOM_2843498634', NULL, NULL),
('bfac3150423f11ee90cba7667d54b7f2', '20230824', 114, 4, 'NOT3ROOM_7524821425', NULL, NULL),
('c3814c7061c011ee90cba7667d54b7f2', 'Meeting', 108, 1, 'NOT3ROOM_7220706471', NULL, NULL),
('c917ad5079f311ee9092f53437514dfd', 'testing', 161, 1, 'NOT3ROOM_2457227898', NULL, NULL),
('ccc79ff0415e11ee928e6554980fdf2f', '0820測試', 116, 1, 'NOT3ROOM_5192545066', NULL, NULL),
('cd99aa106fce11ee9092f53437514dfd', '123', 114, 1, 'NOT3ROOM_2868558606', NULL, NULL),
('ce6843f03bf511ee9092f53437514dfd', '', 116, 1, 'NOT3ROOM_4724139329', NULL, NULL),
('cfc751604d5111ee8fde83b24e1cd630', 'qawdertf', 182, 1, 'NOT3ROOM_8000201803', NULL, NULL),
('d1880800417b11ee9092f53437514dfd', '0820測試', 140, 1, 'NOT3ROOM_7055645990', NULL, NULL),
('d1c943d0418811ee9092f53437514dfd', 'TEST5', 139, 1, 'NOT3ROOM_3700625210', NULL, NULL),
('d1fd3dd04d4911ee8fde83b24e1cd630', 'wertyu', 177, 1, 'NOT3ROOM_7623087327', NULL, NULL),
('d67705d0930811ee8833e70a453f9def', 'TEST1205', 55, 1, 'NOT3ROOM_8119997806', NULL, NULL),
('d94b7bd0422511ee8fde83b24e1cd630', 'ooo', 114, 2, 'NOT3ROOM_7061499448', NULL, NULL),
('dcfa1ea03cc411ee928e6554980fdf2f', '', 116, 0, 'NOT3ROOM_8246029181', NULL, NULL),
('e0dccee0926a11ee8833e70a453f9def', 'test', 138, 1, 'NOT3ROOM_9003328916', NULL, NULL),
('e183dd70a4b711eeb2a475749d10cb14', 'Test', 114, 1, 'NOT3ROOM_9559275319', NULL, NULL),
('e19410f0926a11ee8a08fff08ed267a3', 'test', 138, 1, 'NOT3ROOM_2649519226', NULL, NULL),
('e2a2bd30425a11ee8fde83b24e1cd630', '9999', 165, 1, 'NOT3ROOM_4960683696', NULL, NULL),
('e378b6e04d4711ee9092f53437514dfd', 'acvfgbhht', 180, 1, 'NOT3ROOM_9537304360', NULL, NULL),
('e47a5a504d4511ee9092f53437514dfd', 'xdfgyhji', 177, 1, 'NOT3ROOM_7828393567', NULL, NULL),
('e5138310a0b511eeb62adde695452dc9', 'test', 138, 1, 'NOT3ROOM_9837642780', NULL, NULL),
('e82c94003cca11ee9092f53437514dfd', '', 108, 1, 'NOT3ROOM_1819798793', NULL, NULL),
('ea8cfcd03c0711ee928e6554980fdf2f', '', 108, 1, 'NOT3ROOM_1875489254', NULL, NULL),
('ec637ed04d5011ee928e6554980fdf2f', 'ujikolfr', 182, 1, 'NOT3ROOM_9941849250', NULL, NULL),
('f0f3e6f04d5111ee928e6554980fdf2f', '56yjik', 182, 1, 'NOT3ROOM_9478943180', NULL, NULL),
('f1624920454e11ee9092f53437514dfd', 'yyyyyyyyy', 98, 1, 'NOT3ROOM_2601875555', NULL, NULL),
('f17ba530417711ee90cba7667d54b7f2', '0820測試', 140, 1, 'NOT3ROOM_8568364862', NULL, NULL),
('f22714d07ab911ee90cba7667d54b7f2', 'TEST1104', 55, 2, 'NOT3ROOM_1160276592', NULL, NULL),
('f2765fb04d3a11ee8fde83b24e1cd630', 'demo9', 174, 1, 'NOT3ROOM_1531894379', NULL, NULL),
('f476ff803cc411ee928e6554980fdf2f', '', 116, 0, 'NOT3ROOM_6531037358', NULL, NULL),
('f5e42a403ca711ee8fde83b24e1cd630', '', 116, 2, 'NOT3ROOM_7923021431', NULL, NULL),
('ff5329f0454e11ee8fde83b24e1cd630', '1234567891011', 98, 1, 'NOT3ROOM_2958746286', NULL, NULL),
('ffad9be03ff111ee9092f53437514dfd', '0820測試', 108, 1, 'NOT3ROOM_5785051998', NULL, NULL);

-- --------------------------------------------------------

--
-- 資料表結構 `leaf_type`
--

CREATE TABLE `leaf_type` (
  `leaf_type_id` int(1) NOT NULL,
  `leaf_type_name` varchar(10) NOT NULL
) ENGINE=InnoDB DEFAULT CHARSET=utf8mb4 COLLATE=utf8mb4_general_ci;

--
-- 傾印資料表的資料 `leaf_type`
--

INSERT INTO `leaf_type` (`leaf_type_id`, `leaf_type_name`) VALUES
(1, '筆跡'),
(2, '圖層');

-- --------------------------------------------------------

--
-- 資料表結構 `manager_of_leaf`
--

CREATE TABLE `manager_of_leaf` (
  `manager_of_leaf_id` int(200) NOT NULL,
  `manager_id` int(20) NOT NULL,
  `leaf_id` varchar(50) NOT NULL
) ENGINE=InnoDB DEFAULT CHARSET=utf8mb4 COLLATE=utf8mb4_general_ci;

-- --------------------------------------------------------

--
-- 資料表結構 `migration`
--

CREATE TABLE `migration` (
  `version` varchar(180) NOT NULL,
  `apply_time` int(11) DEFAULT NULL
) ENGINE=InnoDB DEFAULT CHARSET=utf8mb4 COLLATE=utf8mb4_general_ci;

--
-- 傾印資料表的資料 `migration`
--

INSERT INTO `migration` (`version`, `apply_time`) VALUES
('m000000_000000_base', 1675232632),
('m130524_201442_init', 1675232634),
('m190124_110200_add_verification_token_column_to_user_table', 1675232634),
('m230202_031040_create_post_table', 1675308329),
('m230202_032111_create_comment_table', 1675308329),
('m230205_021507_create_member_table', 1675850653),
('m230205_021519_create_book_table', 1675850653),
('m230205_021528_create_loan_table', 1675850653),
('m230205_021720_seed_member_table', 1675850653),
('m230205_021731_seed_book_table', 1675850653),
('m230208_095052_add_access_token_to_gardener', 1675850653);

-- --------------------------------------------------------

--
-- 資料表結構 `my_favorite`
--

CREATE TABLE `my_favorite` (
  `my_favorite_id` int(255) NOT NULL,
  `leaf_id` varchar(50) NOT NULL,
  `gardener_id` int(20) NOT NULL,
  `favorite_gardener_id` int(20) NOT NULL
) ENGINE=InnoDB DEFAULT CHARSET=utf8mb4 COLLATE=utf8mb4_general_ci;

-- --------------------------------------------------------

--
-- 資料表結構 `my_hate`
--

CREATE TABLE `my_hate` (
  `my_hate_id` int(255) NOT NULL,
  `leaf_id` varchar(50) NOT NULL,
  `gardener_id` int(20) NOT NULL,
  `hated_gardener_id` int(20) NOT NULL
) ENGINE=InnoDB DEFAULT CHARSET=utf8mb4 COLLATE=utf8mb4_general_ci;

-- --------------------------------------------------------

--
-- 資料表結構 `normal_leaf`
--

CREATE TABLE `normal_leaf` (
  `leaf_id` varchar(50) NOT NULL,
  `leaf_type_id` int(1) NOT NULL,
  `speaker_id` int(20) NOT NULL,
  `leaf_file_name` varchar(100) NOT NULL,
  `leaf_file_path` varchar(200) NOT NULL
) ENGINE=InnoDB DEFAULT CHARSET=utf8mb4 COLLATE=utf8mb4_general_ci;

-- --------------------------------------------------------

--
-- 資料表結構 `only_read`
--

CREATE TABLE `only_read` (
  `only_read_id` int(3) NOT NULL,
  `only_read_name` varchar(3) NOT NULL
) ENGINE=InnoDB DEFAULT CHARSET=utf8mb4 COLLATE=utf8mb4_general_ci;

--
-- 傾印資料表的資料 `only_read`
--

INSERT INTO `only_read` (`only_read_id`, `only_read_name`) VALUES
(1, '唯讀'),
(2, '可書寫');

-- --------------------------------------------------------

--
-- 資料表結構 `plant`
--

CREATE TABLE `plant` (
  `plant_id` int(3) NOT NULL,
  `plant_name` varchar(10) NOT NULL,
  `plant_picture_name` varchar(100) NOT NULL,
  `plant_picture_path` varchar(200) NOT NULL,
  `riv_picture_name` varchar(100) DEFAULT NULL
) ENGINE=InnoDB DEFAULT CHARSET=utf8mb4 COLLATE=utf8mb4_general_ci;

--
-- 傾印資料表的資料 `plant`
--

INSERT INTO `plant` (`plant_id`, `plant_name`, `plant_picture_name`, `plant_picture_path`, `riv_picture_name`) VALUES
(1, '牡丹花', '牡丹花.png', '/Users/Minna/library-api/library-api/library-api/flowers/牡丹花.png', '牡丹花.riv'),
(2, '玫瑰花', '玫瑰花.png', '/Users/Minna/library-api/library-api/library-api/flowers/玫瑰花.png', '玫瑰花.riv'),
(3, '蘭花', '蘭花.png', '/Users/Minna/library-api/library-api/library-api/flowers/蘭花.png', '蘭花.riv'),
(4, '綠樹', '綠樹.png', '/Users/Minna/library-api/library-api/library-api/flowers/綠樹.png', '綠樹.riv'),
(5, '百合', '百合.png', '/Users/Minna/library-api/library-api/library-api/flowers/百合.png', '百合.riv'),
(6, '金盞草', '金盞草.png', '/Users/Minna/library-api/library-api/library-api/flowers/金盞草.png', '金盞草.riv'),
(7, '櫻花', '櫻花.png', '/Users/Minna/library-api/library-api/library-api/flowers/櫻花.png', '櫻花.rip'),
(8, '向日葵', '向日葵.png', '/Users/Minna/library-api/library-api/library-api/flowers/向日葵.png', '向日葵.rip'),
(9, '茉莉花', '茉莉花.png', '/Users/Minna/library-api/library-api/library-api/flowers/茉莉花.png', '茉莉花.rip');

-- --------------------------------------------------------

--
-- 資料表結構 `plant_of_gardener`
--

CREATE TABLE `plant_of_gardener` (
  `plant_of_gardener_id` int(10) NOT NULL,
  `gardener_id` int(20) NOT NULL,
  `tree_name` varchar(10) NOT NULL,
  `plant_id` int(3) NOT NULL,
  `num_of_fruit` int(3) NOT NULL DEFAULT 0
) ENGINE=InnoDB DEFAULT CHARSET=utf8mb4 COLLATE=utf8mb4_general_ci;

--
-- 傾印資料表的資料 `plant_of_gardener`
--

INSERT INTO `plant_of_gardener` (`plant_of_gardener_id`, `gardener_id`, `tree_name`, `plant_id`, `num_of_fruit`) VALUES
(3, 55, '娛樂', 1, 1),
(6, 55, '工作', 2, 2),
(7, 55, '社團', 1, 2),
(10, 1, '工作', 2, 0),
(21, 118, '1234', 2, 0),
(22, 118, '12', 2, 0),
(23, 118, '12345', 2, 0),
(24, 118, '123', 2, 0),
(25, 118, 'c8 c8 ', 2, 0),
(26, 118, 'haha', 2, 0),
(27, 118, 'hi', 2, 0),
(28, 118, 'no', 2, 0),
(29, 118, 'joi', 2, 0),
(30, 118, 'jo', 2, 0),
(31, 118, 'j5', 2, 0),
(32, 118, '55', 2, 0),
(33, 119, '23', 2, 0),
(34, 119, '123', 2, 0),
(35, 119, '11234', 2, 0),
(36, 119, '12345', 2, 0),
(37, 119, '1233', 2, 0),
(38, 119, 'hahaha', 2, 0),
(39, 119, '1212', 2, 0),
(40, 119, '123123', 2, 0),
(41, 119, '12341234', 2, 0),
(42, 119, '123412341', 2, 0),
(43, 119, '1234123123', 2, 0),
(44, 114, '0819', 2, 1),
(45, 114, '社團', 1, 1),
(46, 114, 'work', 2, 2),
(47, 114, 'test', 2, 0),
(48, 114, 'ttttt', 1, 0),
(49, 114, 'qqqq', 1, 0),
(50, 114, 'aaa', 1, 0),
(51, 114, 'ooo', 1, 0),
(52, 114, 'bbb', 1, 0),
(53, 114, 'zzz', 2, 0),
(54, 114, 'ppp', 2, 5),
(55, 114, 'uuu', 2, 0),
(56, 135, '20230821', 1, 0),
(57, 136, 'qqq', 1, 0),
(58, 137, '202308000', 1, 0),
(59, 63, '課4', 1, 0),
(60, 55, '課4', 1, 0),
(61, 55, '課', 1, 0),
(62, 98, 'sakura', 2, 2),
(63, 98, '牡丹花', 1, 0),
(64, 98, '牡丹花2', 1, 0),
(65, 98, '玫瑰花', 2, 0),
(66, 55, '課5', 7, 0),
(67, 116, '123', 2, 0),
(68, 139, '社團', 7, 1),
(75, 139, '工作', 6, 0),
(76, 139, '學校', 1, 0),
(78, 139, '興趣', 3, 0),
(79, 139, '校外', 4, 0),
(81, 140, 'LOVE', 7, 0),
(89, 159, '資料夾一', 4, 0),
(90, 83, 'OMG', 3, 0),
(91, 83, 'cao', 8, 0),
(92, 83, 'hehe', 7, 0),
(93, 160, '資料夾一', 4, 0),
(94, 161, '資料夾一', 4, 2),
(95, 162, '資料夾一', 4, 0),
(96, 163, '資料夾一', 4, 0),
(97, 164, '資料夾一', 4, 0),
(98, 164, '222', 7, 0),
(99, 164, '888', 3, 0),
(100, 165, '資料夾一', 4, 0),
(101, 166, '資料夾一', 4, 0),
(102, 166, 'Sakura', 7, 0),
(103, 166, '000', 3, 0),
(104, 167, '資料夾一', 4, 0),
(105, 168, '資料夾一', 4, 0),
(106, 169, '資料夾一', 4, 1),
(107, 170, '資料夾一', 4, 1),
(108, 171, '資料夾一', 4, 1),
(109, 172, '資料夾一', 4, 0),
(110, 173, '資料夾一', 4, 0),
(111, 174, '資料夾一', 4, 4),
(112, 175, '資料夾一', 4, 0),
(113, 176, '資料夾一', 4, 1),
(114, 177, '資料夾一', 4, 5),
(115, 178, '資料夾一', 4, 0),
(116, 179, '資料夾一', 4, 0),
(117, 180, '資料夾一', 4, 0),
(118, 181, '資料夾一', 4, 0),
(119, 182, '資料夾一', 4, 5),
(120, 183, '資料夾一', 4, 0),
(121, 184, '資料夾一', 4, 1),
(122, 185, '資料夾一', 4, 1),
(123, 186, '資料夾一', 4, 0),
(124, 187, '資料夾一', 4, 2),
(125, 188, '資料夾一', 4, 2),
(126, 189, '資料夾一', 4, 0),
(127, 190, '資料夾一', 4, 0),
(128, 191, '資料夾一', 4, 1),
(129, 192, '資料夾一', 4, 5),
(130, 192, 'sakura', 7, 9),
(131, 192, 'yeah', 1, 1),
(132, 192, 'HELLO', 9, 0),
(133, 193, '資料夾一', 4, 0),
(134, 55, '課6', 7, 0),
(140, 55, '課7', 7, 0),
(141, 108, '收藏', 8, 2),
(142, 192, 'TEST', 6, 1),
(143, 192, 'SunFlower', 8, 1),
(144, 114, 'casey', 8, 0),
(145, 192, '45667', 1, 0),
(146, 194, '資料夾一', 4, 1),
(147, 195, '資料夾一', 4, 0),
(148, 108, 'frgrg', 7, 0),
(149, 138, '測試', 8, 8),
(150, 161, '花花', 7, 0),
(151, 1, '36的社團', 8, 1),
(152, 138, 'date', 4, 0),
(153, 1, '校外', 4, 2),
(154, 138, 'test1', 7, 0),
(155, 56, 'travel', 7, 0),
(156, 55, 'hi hi', 8, 0),
(157, 55, 'green', 4, 0);

-- --------------------------------------------------------

--
-- 資料表結構 `ppt_memo`
--

CREATE TABLE `ppt_memo` (
  `ppt_memo_id` int(150) NOT NULL,
  `gardener_id` int(20) NOT NULL,
  `leaf_id` varchar(50) NOT NULL,
  `ppt_page` int(5) NOT NULL,
  `memo_page` int(1) NOT NULL
) ENGINE=InnoDB DEFAULT CHARSET=utf8mb4 COLLATE=utf8mb4_general_ci;

-- --------------------------------------------------------

--
-- 資料表結構 `report_list`
--

CREATE TABLE `report_list` (
  `report_list_id` int(100) NOT NULL,
  `leaf_id` varchar(50) NOT NULL,
  `respondent_id` int(20) NOT NULL,
  `report_percent` int(3) NOT NULL,
  `report_num` int(5) NOT NULL
) ENGINE=InnoDB DEFAULT CHARSET=utf8mb4 COLLATE=utf8mb4_general_ci;

-- --------------------------------------------------------

--
-- 資料表結構 `report_record`
--

CREATE TABLE `report_record` (
  `report_record_id` int(100) NOT NULL,
  `whistleblower_id` int(20) NOT NULL COMMENT '舉報的人',
  `respondent_id` int(20) NOT NULL COMMENT '被舉報的人',
  `report_time` datetime NOT NULL,
  `leaf_id` varchar(50) NOT NULL
) ENGINE=InnoDB DEFAULT CHARSET=utf8mb4 COLLATE=utf8mb4_general_ci;

-- --------------------------------------------------------

--
-- 資料表結構 `sticker_of_gardener`
--

CREATE TABLE `sticker_of_gardener` (
  `sticker_of_gardener_id` int(10) NOT NULL,
  `gardener_id` int(20) NOT NULL,
  `sticker_file` varchar(100) NOT NULL
) ENGINE=InnoDB DEFAULT CHARSET=utf8mb4 COLLATE=utf8mb4_general_ci;

--
-- 已傾印資料表的索引
--

--
-- 資料表索引 `access_token`
--
ALTER TABLE `access_token`
  ADD PRIMARY KEY (`gardener_id`);

--
-- 資料表索引 `chat_data`
--
ALTER TABLE `chat_data`
  ADD PRIMARY KEY (`chat_data_id`),
  ADD KEY `sender_id` (`sender_id`),
  ADD KEY `receiver_id` (`receiver_id`);

--
-- 資料表索引 `chat_partner_list`
--
ALTER TABLE `chat_partner_list`
  ADD PRIMARY KEY (`chat_partner_list_id`),
  ADD KEY `my_id` (`my_id`),
  ADD KEY `partner_id` (`partner_id`);

--
-- 資料表索引 `fastboard_create_room`
--
ALTER TABLE `fastboard_create_room`
  ADD PRIMARY KEY (`uuid`);

--
-- 資料表索引 `file_of_plant`
--
ALTER TABLE `file_of_plant`
  ADD PRIMARY KEY (`file_of_plant_id`),
  ADD KEY `file_of_plant_ibfk_1` (`plant_of_gardener_id`);

--
-- 資料表索引 `function_of_gardener`
--
ALTER TABLE `function_of_gardener`
  ADD PRIMARY KEY (`function_of_gerdener_id`);

--
-- 資料表索引 `gardener`
--
ALTER TABLE `gardener`
  ADD PRIMARY KEY (`gardener_id`);

--
-- 資料表索引 `gardener_of_leaf`
--
ALTER TABLE `gardener_of_leaf`
  ADD PRIMARY KEY (`gardener_of_leaf_id`),
  ADD KEY `gardener_id` (`gardener_id`),
  ADD KEY `leaf_id` (`leaf_id`);

--
-- 資料表索引 `leaf`
--
ALTER TABLE `leaf`
  ADD PRIMARY KEY (`uuid`),
  ADD KEY `founder_id` (`founder_id`);

--
-- 資料表索引 `leaf_type`
--
ALTER TABLE `leaf_type`
  ADD PRIMARY KEY (`leaf_type_id`);

--
-- 資料表索引 `manager_of_leaf`
--
ALTER TABLE `manager_of_leaf`
  ADD PRIMARY KEY (`manager_of_leaf_id`),
  ADD KEY `manager_id` (`manager_id`),
  ADD KEY `leaf_id` (`leaf_id`);

--
-- 資料表索引 `migration`
--
ALTER TABLE `migration`
  ADD PRIMARY KEY (`version`);

--
-- 資料表索引 `my_favorite`
--
ALTER TABLE `my_favorite`
  ADD PRIMARY KEY (`my_favorite_id`),
  ADD KEY `leaf_id` (`leaf_id`),
  ADD KEY `gardener_id` (`gardener_id`),
  ADD KEY `my_favorite_ibfk_2` (`favorite_gardener_id`);

--
-- 資料表索引 `my_hate`
--
ALTER TABLE `my_hate`
  ADD PRIMARY KEY (`my_hate_id`),
  ADD KEY `gardener_id` (`gardener_id`),
  ADD KEY `leaf_id` (`leaf_id`),
  ADD KEY `hated_gardener_id` (`hated_gardener_id`);

--
-- 資料表索引 `normal_leaf`
--
ALTER TABLE `normal_leaf`
  ADD PRIMARY KEY (`leaf_id`),
  ADD KEY `leaf_type_id` (`leaf_type_id`),
  ADD KEY `speaker_id` (`speaker_id`);

--
-- 資料表索引 `only_read`
--
ALTER TABLE `only_read`
  ADD PRIMARY KEY (`only_read_id`);

--
-- 資料表索引 `plant`
--
ALTER TABLE `plant`
  ADD PRIMARY KEY (`plant_id`);

--
-- 資料表索引 `plant_of_gardener`
--
ALTER TABLE `plant_of_gardener`
  ADD PRIMARY KEY (`plant_of_gardener_id`),
  ADD KEY `gardener_id` (`gardener_id`),
  ADD KEY `plant_type_id` (`plant_id`);

--
-- 資料表索引 `ppt_memo`
--
ALTER TABLE `ppt_memo`
  ADD PRIMARY KEY (`ppt_memo_id`);

--
-- 資料表索引 `report_list`
--
ALTER TABLE `report_list`
  ADD PRIMARY KEY (`report_list_id`),
  ADD KEY `leaf_id` (`leaf_id`);

--
-- 資料表索引 `report_record`
--
ALTER TABLE `report_record`
  ADD PRIMARY KEY (`report_record_id`),
  ADD KEY `whistleblower_id` (`whistleblower_id`),
  ADD KEY `respondent_id` (`respondent_id`),
  ADD KEY `leaf_id` (`leaf_id`);

--
-- 資料表索引 `sticker_of_gardener`
--
ALTER TABLE `sticker_of_gardener`
  ADD PRIMARY KEY (`sticker_of_gardener_id`);

--
-- 在傾印的資料表使用自動遞增(AUTO_INCREMENT)
--

--
-- 使用資料表自動遞增(AUTO_INCREMENT) `chat_data`
--
ALTER TABLE `chat_data`
  MODIFY `chat_data_id` int(200) NOT NULL AUTO_INCREMENT, AUTO_INCREMENT=249;

--
-- 使用資料表自動遞增(AUTO_INCREMENT) `chat_partner_list`
--
ALTER TABLE `chat_partner_list`
  MODIFY `chat_partner_list_id` int(10) NOT NULL AUTO_INCREMENT, AUTO_INCREMENT=111;

--
-- 使用資料表自動遞增(AUTO_INCREMENT) `file_of_plant`
--
ALTER TABLE `file_of_plant`
  MODIFY `file_of_plant_id` int(5) NOT NULL AUTO_INCREMENT, AUTO_INCREMENT=99;

--
-- 使用資料表自動遞增(AUTO_INCREMENT) `function_of_gardener`
--
ALTER TABLE `function_of_gardener`
  MODIFY `function_of_gerdener_id` int(3) NOT NULL AUTO_INCREMENT;

--
-- 使用資料表自動遞增(AUTO_INCREMENT) `gardener`
--
ALTER TABLE `gardener`
  MODIFY `gardener_id` int(20) NOT NULL AUTO_INCREMENT, AUTO_INCREMENT=196;

--
-- 使用資料表自動遞增(AUTO_INCREMENT) `gardener_of_leaf`
--
ALTER TABLE `gardener_of_leaf`
  MODIFY `gardener_of_leaf_id` int(100) NOT NULL AUTO_INCREMENT, AUTO_INCREMENT=950;

--
-- 使用資料表自動遞增(AUTO_INCREMENT) `leaf_type`
--
ALTER TABLE `leaf_type`
  MODIFY `leaf_type_id` int(1) NOT NULL AUTO_INCREMENT, AUTO_INCREMENT=3;

--
-- 使用資料表自動遞增(AUTO_INCREMENT) `manager_of_leaf`
--
ALTER TABLE `manager_of_leaf`
  MODIFY `manager_of_leaf_id` int(200) NOT NULL AUTO_INCREMENT, AUTO_INCREMENT=116;

--
-- 使用資料表自動遞增(AUTO_INCREMENT) `my_favorite`
--
ALTER TABLE `my_favorite`
  MODIFY `my_favorite_id` int(255) NOT NULL AUTO_INCREMENT, AUTO_INCREMENT=4;

--
-- 使用資料表自動遞增(AUTO_INCREMENT) `my_hate`
--
ALTER TABLE `my_hate`
  MODIFY `my_hate_id` int(255) NOT NULL AUTO_INCREMENT, AUTO_INCREMENT=2;

--
-- 使用資料表自動遞增(AUTO_INCREMENT) `only_read`
--
ALTER TABLE `only_read`
  MODIFY `only_read_id` int(3) NOT NULL AUTO_INCREMENT, AUTO_INCREMENT=3;

--
-- 使用資料表自動遞增(AUTO_INCREMENT) `plant`
--
ALTER TABLE `plant`
  MODIFY `plant_id` int(3) NOT NULL AUTO_INCREMENT, AUTO_INCREMENT=10;

--
-- 使用資料表自動遞增(AUTO_INCREMENT) `plant_of_gardener`
--
ALTER TABLE `plant_of_gardener`
  MODIFY `plant_of_gardener_id` int(10) NOT NULL AUTO_INCREMENT, AUTO_INCREMENT=158;

--
-- 使用資料表自動遞增(AUTO_INCREMENT) `ppt_memo`
--
ALTER TABLE `ppt_memo`
  MODIFY `ppt_memo_id` int(150) NOT NULL AUTO_INCREMENT;

--
-- 使用資料表自動遞增(AUTO_INCREMENT) `report_list`
--
ALTER TABLE `report_list`
  MODIFY `report_list_id` int(100) NOT NULL AUTO_INCREMENT;

--
-- 使用資料表自動遞增(AUTO_INCREMENT) `report_record`
--
ALTER TABLE `report_record`
  MODIFY `report_record_id` int(100) NOT NULL AUTO_INCREMENT, AUTO_INCREMENT=4;

--
-- 使用資料表自動遞增(AUTO_INCREMENT) `sticker_of_gardener`
--
ALTER TABLE `sticker_of_gardener`
  MODIFY `sticker_of_gardener_id` int(10) NOT NULL AUTO_INCREMENT;

--
-- 已傾印資料表的限制式
--

--
-- 資料表的限制式 `access_token`
--
ALTER TABLE `access_token`
  ADD CONSTRAINT `access_token_ibfk_1` FOREIGN KEY (`gardener_id`) REFERENCES `gardener` (`gardener_id`) ON DELETE CASCADE ON UPDATE CASCADE;

--
-- 資料表的限制式 `chat_data`
--
ALTER TABLE `chat_data`
  ADD CONSTRAINT `chat_data_ibfk_1` FOREIGN KEY (`sender_id`) REFERENCES `gardener` (`gardener_id`) ON DELETE CASCADE ON UPDATE CASCADE,
  ADD CONSTRAINT `chat_data_ibfk_2` FOREIGN KEY (`receiver_id`) REFERENCES `gardener` (`gardener_id`) ON DELETE CASCADE ON UPDATE CASCADE;

--
-- 資料表的限制式 `chat_partner_list`
--
ALTER TABLE `chat_partner_list`
  ADD CONSTRAINT `chat_partner_list_ibfk_1` FOREIGN KEY (`my_id`) REFERENCES `gardener` (`gardener_id`) ON DELETE CASCADE ON UPDATE CASCADE,
  ADD CONSTRAINT `chat_partner_list_ibfk_2` FOREIGN KEY (`partner_id`) REFERENCES `gardener` (`gardener_id`) ON DELETE CASCADE ON UPDATE CASCADE;

--
-- 資料表的限制式 `file_of_plant`
--
ALTER TABLE `file_of_plant`
  ADD CONSTRAINT `file_of_plant_ibfk_1` FOREIGN KEY (`plant_of_gardener_id`) REFERENCES `plant_of_gardener` (`plant_of_gardener_id`) ON DELETE CASCADE ON UPDATE CASCADE;

--
-- 資料表的限制式 `gardener_of_leaf`
--
ALTER TABLE `gardener_of_leaf`
  ADD CONSTRAINT `gardener_of_leaf_ibfk_1` FOREIGN KEY (`gardener_id`) REFERENCES `gardener` (`gardener_id`) ON DELETE CASCADE ON UPDATE CASCADE,
  ADD CONSTRAINT `gardener_of_leaf_ibfk_2` FOREIGN KEY (`leaf_id`) REFERENCES `leaf` (`uuid`) ON DELETE CASCADE ON UPDATE CASCADE;

--
-- 資料表的限制式 `leaf`
--
ALTER TABLE `leaf`
  ADD CONSTRAINT `leaf_ibfk_1` FOREIGN KEY (`founder_id`) REFERENCES `gardener` (`gardener_id`) ON DELETE CASCADE ON UPDATE CASCADE,
  ADD CONSTRAINT `leaf_ibfk_3` FOREIGN KEY (`uuid`) REFERENCES `fastboard_create_room` (`uuid`) ON DELETE CASCADE ON UPDATE CASCADE;

--
-- 資料表的限制式 `manager_of_leaf`
--
ALTER TABLE `manager_of_leaf`
  ADD CONSTRAINT `manager_of_leaf_ibfk_1` FOREIGN KEY (`manager_id`) REFERENCES `gardener` (`gardener_id`) ON DELETE CASCADE ON UPDATE CASCADE,
  ADD CONSTRAINT `manager_of_leaf_ibfk_2` FOREIGN KEY (`leaf_id`) REFERENCES `leaf` (`uuid`) ON DELETE CASCADE ON UPDATE CASCADE;

--
-- 資料表的限制式 `my_favorite`
--
ALTER TABLE `my_favorite`
  ADD CONSTRAINT `my_favorite_ibfk_2` FOREIGN KEY (`favorite_gardener_id`) REFERENCES `gardener` (`gardener_id`) ON DELETE CASCADE ON UPDATE CASCADE,
  ADD CONSTRAINT `my_favorite_ibfk_3` FOREIGN KEY (`gardener_id`) REFERENCES `gardener` (`gardener_id`) ON DELETE CASCADE ON UPDATE CASCADE,
  ADD CONSTRAINT `my_favorite_ibfk_4` FOREIGN KEY (`leaf_id`) REFERENCES `leaf` (`uuid`) ON DELETE CASCADE ON UPDATE CASCADE;

--
-- 資料表的限制式 `my_hate`
--
ALTER TABLE `my_hate`
  ADD CONSTRAINT `my_hate_ibfk_1` FOREIGN KEY (`gardener_id`) REFERENCES `gardener` (`gardener_id`) ON DELETE CASCADE ON UPDATE CASCADE,
  ADD CONSTRAINT `my_hate_ibfk_3` FOREIGN KEY (`hated_gardener_id`) REFERENCES `gardener` (`gardener_id`) ON DELETE CASCADE ON UPDATE CASCADE,
  ADD CONSTRAINT `my_hate_ibfk_4` FOREIGN KEY (`leaf_id`) REFERENCES `leaf` (`uuid`) ON DELETE CASCADE ON UPDATE CASCADE;

--
-- 資料表的限制式 `normal_leaf`
--
ALTER TABLE `normal_leaf`
  ADD CONSTRAINT `normal_leaf_ibfk_2` FOREIGN KEY (`leaf_type_id`) REFERENCES `leaf_type` (`leaf_type_id`) ON DELETE CASCADE ON UPDATE CASCADE,
  ADD CONSTRAINT `normal_leaf_ibfk_4` FOREIGN KEY (`leaf_id`) REFERENCES `leaf` (`uuid`) ON DELETE CASCADE ON UPDATE CASCADE,
  ADD CONSTRAINT `normal_leaf_ibfk_5` FOREIGN KEY (`speaker_id`) REFERENCES `gardener` (`gardener_id`) ON DELETE CASCADE ON UPDATE CASCADE;

--
-- 資料表的限制式 `plant_of_gardener`
--
ALTER TABLE `plant_of_gardener`
  ADD CONSTRAINT `plant_of_gardener_ibfk_1` FOREIGN KEY (`gardener_id`) REFERENCES `gardener` (`gardener_id`) ON DELETE CASCADE ON UPDATE CASCADE,
  ADD CONSTRAINT `plant_of_gardener_ibfk_2` FOREIGN KEY (`plant_id`) REFERENCES `plant` (`plant_id`) ON DELETE CASCADE ON UPDATE CASCADE;

--
-- 資料表的限制式 `report_list`
--
ALTER TABLE `report_list`
  ADD CONSTRAINT `report_list_ibfk_1` FOREIGN KEY (`leaf_id`) REFERENCES `leaf` (`uuid`) ON DELETE CASCADE ON UPDATE CASCADE;

--
-- 資料表的限制式 `report_record`
--
ALTER TABLE `report_record`
  ADD CONSTRAINT `report_record_ibfk_1` FOREIGN KEY (`whistleblower_id`) REFERENCES `gardener` (`gardener_id`) ON DELETE CASCADE ON UPDATE CASCADE,
  ADD CONSTRAINT `report_record_ibfk_2` FOREIGN KEY (`respondent_id`) REFERENCES `gardener` (`gardener_id`) ON DELETE CASCADE ON UPDATE CASCADE,
  ADD CONSTRAINT `report_record_ibfk_3` FOREIGN KEY (`leaf_id`) REFERENCES `leaf` (`uuid`) ON DELETE CASCADE ON UPDATE CASCADE;
COMMIT;

/*!40101 SET CHARACTER_SET_CLIENT=@OLD_CHARACTER_SET_CLIENT */;
/*!40101 SET CHARACTER_SET_RESULTS=@OLD_CHARACTER_SET_RESULTS */;
/*!40101 SET COLLATION_CONNECTION=@OLD_COLLATION_CONNECTION */;
